date,new,active,inactive
2010-09-06,1,0,0
2010-09-07,2,0,0
2010-09-08,2,0,0
2010-09-09,3,0,0
2010-09-10,4,0,0
2010-09-11,5,0,0
2010-09-12,5,0,0
2010-09-13,6,0,0
2010-09-14,6,0,0
2010-09-15,7,0,0
2010-09-16,7,0,0
2010-09-17,7,0,0
2010-09-18,7,0,0
2010-09-19,7,0,0
2010-09-20,7,0,0
2010-09-21,7,0,0
2010-09-22,8,0,0
2010-09-23,8,0,0
2010-09-24,8,0,0
2010-09-25,9,0,0
2010-09-26,9,0,0
2010-09-27,9,0,0
2010-09-28,9,0,0
2010-09-29,9,0,0
2010-09-30,9,0,0
2010-10-01,9,0,0
2010-10-02,9,0,0
2010-10-03,10,0,0
2010-10-04,10,0,0
2010-10-05,9,1,0
2010-10-06,8,2,0
2010-10-07,8,2,0
2010-10-08,8,2,0
2010-10-09,8,2,0
2010-10-10,8,2,0
2010-10-11,8,2,0
2010-10-12,9,2,0
2010-10-13,10,2,0
2010-10-14,10,2,0
2010-10-15,11,3,0
2010-10-16,11,3,0
2010-10-17,11,3,0
2010-10-18,11,3,0
2010-10-19,12,3,0
2010-10-20,12,3,0
2010-10-21,13,3,0
2010-10-22,13,3,0
2010-10-23,13,3,0
2010-10-24,13,3,0
2010-10-25,13,3,0
2010-10-26,14,3,0
2010-10-27,14,3,0
2010-10-28,14,3,0
2010-10-29,14,3,0
2010-10-30,14,3,0
2010-10-31,14,3,0
2010-11-01,14,3,0
2010-11-02,14,3,0
2010-11-03,15,3,0
2010-11-04,15,3,0
2010-11-05,15,3,0
2010-11-06,15,3,0
2010-11-07,15,3,0
2010-11-08,15,3,0
2010-11-09,15,3,0
2010-11-10,16,3,0
2010-11-11,16,3,0
2010-11-12,16,3,0
2010-11-13,16,3,0
2010-11-14,16,3,0
2010-11-15,16,3,0
2010-11-16,16,3,0
2010-11-17,16,3,0
2010-11-18,18,3,0
2010-11-19,18,3,0
2010-11-20,18,3,0
2010-11-21,18,3,0
2010-11-22,18,3,0
2010-11-23,18,3,0
2010-11-24,19,3,0
2010-11-25,20,3,0
2010-11-26,20,3,0
2010-11-27,21,3,0
2010-11-28,21,3,0
2010-11-29,22,3,0
2010-11-30,25,3,0
2010-12-01,25,3,0
2010-12-02,25,3,0
2010-12-03,25,3,0
2010-12-04,25,3,0
2010-12-05,24,3,1
2010-12-06,23,3,2
2010-12-07,23,3,2
2010-12-08,22,3,3
2010-12-09,21,3,4
2010-12-10,20,3,5
2010-12-11,20,3,5
2010-12-12,21,3,6
2010-12-13,22,3,6
2010-12-14,22,3,6
2010-12-15,22,4,6
2010-12-16,22,4,6
2010-12-17,22,4,6
2010-12-18,22,4,6
2010-12-19,22,4,6
2010-12-20,22,4,6
2010-12-21,21,4,7
2010-12-22,20,5,7
2010-12-23,20,5,7
2010-12-24,19,5,8
2010-12-25,19,5,8
2010-12-26,19,5,8
2010-12-27,20,5,8
2010-12-28,20,5,8
2010-12-29,20,5,8
2010-12-30,20,5,8
2010-12-31,20,5,8
2011-01-01,20,5,8
2011-01-02,20,5,8
2011-01-03,21,5,8
2011-01-04,22,4,9
2011-01-05,22,4,9
2011-01-06,22,4,9
2011-01-07,22,4,9
2011-01-08,23,4,9
2011-01-09,23,4,9
2011-01-10,22,4,10
2011-01-11,21,4,11
2011-01-12,21,4,11
2011-01-13,20,4,12
2011-01-14,20,4,12
2011-01-15,20,4,12
2011-01-16,20,4,12
2011-01-17,19,4,13
2011-01-18,19,4,13
2011-01-19,18,4,14
2011-01-20,20,4,14
2011-01-21,20,4,14
2011-01-22,20,4,14
2011-01-23,20,4,14
2011-01-24,20,4,15
2011-01-25,21,4,15
2011-01-26,21,4,15
2011-01-27,21,4,15
2011-01-28,21,4,15
2011-01-29,22,4,15
2011-01-30,22,4,15
2011-01-31,22,4,15
2011-02-01,21,4,16
2011-02-02,21,4,16
2011-02-03,21,4,16
2011-02-04,21,4,16
2011-02-05,21,4,16
2011-02-06,21,4,16
2011-02-07,21,4,16
2011-02-08,21,4,16
2011-02-09,21,4,16
2011-02-10,22,4,16
2011-02-11,22,4,16
2011-02-12,22,4,16
2011-02-13,22,4,16
2011-02-14,22,4,16
2011-02-15,22,4,16
2011-02-16,20,3,19
2011-02-17,20,3,19
2011-02-18,21,3,19
2011-02-19,22,3,19
2011-02-20,22,3,19
2011-02-21,23,3,19
2011-02-22,22,3,20
2011-02-23,22,3,21
2011-02-24,22,3,21
2011-02-25,21,3,22
2011-02-26,21,3,22
2011-02-27,20,3,23
2011-02-28,17,3,26
2011-03-01,17,3,26
2011-03-02,17,3,26
2011-03-03,18,3,26
2011-03-04,18,3,26
2011-03-05,18,3,26
2011-03-06,18,3,26
2011-03-07,18,2,27
2011-03-08,19,2,27
2011-03-09,19,2,27
2011-03-10,19,2,27
2011-03-11,22,2,27
2011-03-12,20,2,29
2011-03-13,19,2,30
2011-03-14,19,3,29
2011-03-15,19,2,30
2011-03-16,19,2,30
2011-03-17,20,2,30
2011-03-18,20,2,30
2011-03-19,21,2,30
2011-03-20,21,2,30
2011-03-21,22,2,30
2011-03-22,23,2,30
2011-03-23,25,3,30
2011-03-24,25,4,30
2011-03-25,25,4,30
2011-03-26,25,4,30
2011-03-27,24,4,31
2011-03-28,24,4,31
2011-03-29,24,4,31
2011-03-30,25,4,31
2011-03-31,25,4,31
2011-04-01,25,4,31
2011-04-02,25,4,31
2011-04-03,24,4,32
2011-04-04,23,4,33
2011-04-05,24,4,33
2011-04-06,24,4,33
2011-04-07,26,4,33
2011-04-08,26,4,34
2011-04-09,26,4,34
2011-04-10,26,4,34
2011-04-11,27,4,34
2011-04-12,28,4,34
2011-04-13,28,4,34
2011-04-14,28,4,34
2011-04-15,28,4,34
2011-04-16,28,4,34
2011-04-17,28,4,34
2011-04-18,28,4,34
2011-04-19,29,4,34
2011-04-20,27,4,36
2011-04-21,27,4,36
2011-04-22,27,4,36
2011-04-23,27,4,36
2011-04-24,26,4,37
2011-04-25,25,4,38
2011-04-26,25,5,38
2011-04-27,25,5,38
2011-04-28,25,5,38
2011-04-29,24,5,39
2011-04-30,24,5,39
2011-05-01,25,5,39
2011-05-02,25,5,39
2011-05-03,27,5,39
2011-05-04,28,5,39
2011-05-05,28,5,39
2011-05-06,28,6,39
2011-05-07,28,6,39
2011-05-08,28,6,39
2011-05-09,28,6,39
2011-05-10,28,6,39
2011-05-11,29,6,40
2011-05-12,30,6,40
2011-05-13,32,6,40
2011-05-14,32,6,40
2011-05-15,32,6,40
2011-05-16,32,6,40
2011-05-17,32,6,40
2011-05-18,33,6,40
2011-05-19,32,7,41
2011-05-20,31,7,42
2011-05-21,31,7,42
2011-05-22,30,7,43
2011-05-23,31,7,43
2011-05-24,30,7,44
2011-05-25,31,7,44
2011-05-26,31,7,44
2011-05-27,31,7,44
2011-05-28,31,7,44
2011-05-29,31,7,44
2011-05-30,32,7,44
2011-05-31,32,7,44
2011-06-01,31,7,45
2011-06-02,31,7,45
2011-06-03,31,7,45
2011-06-04,31,8,45
2011-06-05,31,8,45
2011-06-06,31,8,45
2011-06-07,31,8,45
2011-06-08,31,8,45
2011-06-09,28,8,48
2011-06-10,28,8,48
2011-06-11,28,8,48
2011-06-12,28,7,49
2011-06-13,28,7,49
2011-06-14,28,7,49
2011-06-15,29,7,50
2011-06-16,29,7,50
2011-06-17,28,7,51
2011-06-18,28,7,51
2011-06-19,29,7,52
2011-06-20,27,8,53
2011-06-21,25,7,56
2011-06-22,24,7,57
2011-06-23,25,7,57
2011-06-24,25,7,57
2011-06-25,25,7,57
2011-06-26,25,7,57
2011-06-27,25,7,57
2011-06-28,24,7,59
2011-06-29,25,7,59
2011-06-30,25,7,59
2011-07-01,25,7,59
2011-07-02,25,7,59
2011-07-03,25,7,59
2011-07-04,25,7,59
2011-07-05,25,7,59
2011-07-06,23,7,61
2011-07-07,23,7,62
2011-07-08,23,7,62
2011-07-09,23,7,62
2011-07-10,23,7,62
2011-07-11,22,7,63
2011-07-12,22,7,63
2011-07-13,22,7,63
2011-07-14,22,7,63
2011-07-15,22,7,63
2011-07-16,22,7,63
2011-07-17,22,7,63
2011-07-18,22,7,63
2011-07-19,23,7,63
2011-07-20,24,7,63
2011-07-21,24,7,63
2011-07-22,24,7,63
2011-07-23,24,7,63
2011-07-24,25,7,63
2011-07-25,25,6,65
2011-07-26,26,6,65
2011-07-27,27,6,65
2011-07-28,26,7,65
2011-07-29,26,7,65
2011-07-30,25,7,66
2011-07-31,25,7,66
2011-08-01,24,7,68
2011-08-02,23,7,69
2011-08-03,23,6,70
2011-08-04,22,5,72
2011-08-05,22,5,72
2011-08-06,22,5,72
2011-08-07,22,5,72
2011-08-08,22,5,72
2011-08-09,20,5,74
2011-08-10,19,5,75
2011-08-11,19,5,76
2011-08-12,19,5,76
2011-08-13,19,5,76
2011-08-14,19,5,76
2011-08-15,19,5,76
2011-08-16,19,5,76
2011-08-17,18,4,78
2011-08-18,18,4,78
2011-08-19,19,4,78
2011-08-20,20,4,78
2011-08-21,19,4,79
2011-08-22,20,4,79
2011-08-23,19,6,79
2011-08-24,21,6,79
2011-08-25,22,6,79
2011-08-26,23,6,79
2011-08-27,23,6,79
2011-08-28,22,6,80
2011-08-29,23,6,80
2011-08-30,23,6,80
2011-08-31,24,6,80
2011-09-01,25,6,80
2011-09-02,23,6,82
2011-09-03,24,6,82
2011-09-04,25,6,82
2011-09-05,25,6,82
2011-09-06,25,7,82
2011-09-07,26,7,82
2011-09-08,26,7,82
2011-09-09,27,7,82
2011-09-10,27,7,82
2011-09-11,28,7,82
2011-09-12,28,7,82
2011-09-13,26,7,84
2011-09-14,27,8,83
2011-09-15,26,9,83
2011-09-16,27,9,83
2011-09-17,25,9,85
2011-09-18,26,9,85
2011-09-19,26,9,85
2011-09-20,26,9,85
2011-09-21,25,9,86
2011-09-22,26,9,86
2011-09-23,26,10,86
2011-09-24,27,10,86
2011-09-25,27,10,86
2011-09-26,26,10,87
2011-09-27,25,10,88
2011-09-28,26,10,88
2011-09-29,26,10,88
2011-09-30,27,10,88
2011-10-01,27,10,88
2011-10-02,27,10,88
2011-10-03,27,10,88
2011-10-04,28,11,88
2011-10-05,27,11,89
2011-10-06,27,11,89
2011-10-07,27,11,89
2011-10-08,27,11,89
2011-10-09,28,11,89
2011-10-10,30,11,89
2011-10-11,31,10,90
2011-10-12,32,10,90
2011-10-13,32,10,90
2011-10-14,32,10,90
2011-10-15,32,10,90
2011-10-16,32,10,90
2011-10-17,31,10,91
2011-10-18,32,10,91
2011-10-19,31,11,91
2011-10-20,32,12,91
2011-10-21,32,13,90
2011-10-22,31,13,91
2011-10-23,30,13,92
2011-10-24,29,13,93
2011-10-25,29,13,94
2011-10-26,30,12,95
2011-10-27,30,12,95
2011-10-28,30,12,95
2011-10-29,30,12,95
2011-10-30,29,12,96
2011-10-31,29,13,96
2011-11-01,30,13,96
2011-11-02,31,13,96
2011-11-03,31,13,96
2011-11-04,32,13,96
2011-11-05,32,13,96
2011-11-06,32,13,96
2011-11-07,32,16,94
2011-11-08,32,16,94
2011-11-09,31,16,95
2011-11-10,31,16,95
2011-11-11,32,16,95
2011-11-12,32,16,95
2011-11-13,32,16,95
2011-11-14,32,16,95
2011-11-15,33,16,95
2011-11-16,33,16,95
2011-11-17,32,16,96
2011-11-18,32,16,97
2011-11-19,32,16,97
2011-11-20,32,16,97
2011-11-21,33,15,98
2011-11-22,33,15,99
2011-11-23,33,15,100
2011-11-24,33,15,101
2011-11-25,34,15,101
2011-11-26,34,15,101
2011-11-27,33,15,102
2011-11-28,33,14,103
2011-11-29,33,14,104
2011-11-30,32,14,105
2011-12-01,32,13,106
2011-12-02,34,13,107
2011-12-03,33,14,107
2011-12-04,33,15,107
2011-12-05,34,14,108
2011-12-06,34,14,109
2011-12-07,36,14,109
2011-12-08,36,14,110
2011-12-09,36,15,110
2011-12-10,36,15,110
2011-12-11,36,15,110
2011-12-12,37,15,110
2011-12-13,37,14,111
2011-12-14,37,13,112
2011-12-15,36,13,113
2011-12-16,36,13,113
2011-12-17,35,13,114
2011-12-18,35,13,114
2011-12-19,36,13,114
2011-12-20,36,13,114
2011-12-21,37,13,114
2011-12-22,36,12,116
2011-12-23,35,13,117
2011-12-24,35,13,117
2011-12-25,35,13,117
2011-12-26,35,13,117
2011-12-27,34,13,118
2011-12-28,34,13,118
2011-12-29,33,13,119
2011-12-30,33,13,119
2011-12-31,33,13,119
2012-01-01,34,13,119
2012-01-02,33,13,121
2012-01-03,34,13,121
2012-01-04,34,14,120
2012-01-05,35,15,120
2012-01-06,35,15,120
2012-01-07,34,15,121
2012-01-08,32,15,123
2012-01-09,31,16,123
2012-01-10,30,16,124
2012-01-11,32,16,124
2012-01-12,31,17,124
2012-01-13,31,17,124
2012-01-14,31,17,124
2012-01-15,31,17,124
2012-01-16,31,17,125
2012-01-17,32,16,126
2012-01-18,31,15,128
2012-01-19,32,14,129
2012-01-20,32,14,129
2012-01-21,31,16,128
2012-01-22,32,16,128
2012-01-23,31,16,129
2012-01-24,30,17,129
2012-01-25,31,17,129
2012-01-26,31,17,129
2012-01-27,31,17,129
2012-01-28,31,17,129
2012-01-29,31,17,129
2012-01-30,31,17,130
2012-01-31,30,17,131
2012-02-01,33,17,131
2012-02-02,34,17,132
2012-02-03,34,17,132
2012-02-04,34,17,132
2012-02-05,33,14,136
2012-02-06,32,15,136
2012-02-07,34,15,136
2012-02-08,35,15,136
2012-02-09,34,15,137
2012-02-10,33,16,137
2012-02-11,34,16,137
2012-02-12,34,16,137
2012-02-13,33,15,139
2012-02-14,33,15,139
2012-02-15,33,15,139
2012-02-16,32,15,140
2012-02-17,32,15,140
2012-02-18,32,16,139
2012-02-19,33,16,141
2012-02-20,32,16,142
2012-02-21,32,17,142
2012-02-22,32,18,143
2012-02-23,31,18,144
2012-02-24,29,20,144
2012-02-25,29,20,144
2012-02-26,29,20,144
2012-02-27,29,20,145
2012-02-28,30,20,145
2012-02-29,31,21,145
2012-03-01,29,22,147
2012-03-02,30,21,148
2012-03-03,29,21,150
2012-03-04,29,21,151
2012-03-05,28,21,152
2012-03-06,27,21,153
2012-03-07,26,21,154
2012-03-08,28,20,155
2012-03-09,28,20,155
2012-03-10,29,20,155
2012-03-11,29,20,156
2012-03-12,31,21,155
2012-03-13,32,21,155
2012-03-14,32,21,155
2012-03-15,32,21,155
2012-03-16,32,21,155
2012-03-17,32,21,155
2012-03-18,32,21,155
2012-03-19,31,22,155
2012-03-20,30,22,156
2012-03-21,31,22,156
2012-03-22,31,22,156
2012-03-23,33,22,156
2012-03-24,33,22,156
2012-03-25,33,22,156
2012-03-26,33,22,156
2012-03-27,33,22,156
2012-03-28,34,23,156
2012-03-29,36,23,156
2012-03-30,36,23,156
2012-03-31,35,23,157
2012-04-01,35,23,157
2012-04-02,36,23,157
2012-04-03,36,22,158
2012-04-04,34,21,161
2012-04-05,34,21,161
2012-04-06,34,23,160
2012-04-07,35,23,160
2012-04-08,35,23,160
2012-04-09,36,23,160
2012-04-10,35,24,161
2012-04-11,35,23,162
2012-04-12,35,23,162
2012-04-13,35,22,163
2012-04-14,35,22,163
2012-04-15,34,22,164
2012-04-16,33,22,165
2012-04-17,33,22,165
2012-04-18,32,22,166
2012-04-19,32,22,166
2012-04-20,33,21,167
2012-04-21,31,21,169
2012-04-22,32,21,169
2012-04-23,32,20,170
2012-04-24,31,21,171
2012-04-25,31,21,171
2012-04-26,32,21,171
2012-04-27,32,21,171
2012-04-28,32,21,171
2012-04-29,31,21,172
2012-04-30,31,21,172
2012-05-01,31,21,172
2012-05-02,30,21,173
2012-05-03,30,22,173
2012-05-04,30,22,173
2012-05-05,30,22,173
2012-05-06,30,21,174
2012-05-07,28,21,176
2012-05-08,28,21,176
2012-05-09,29,21,176
2012-05-10,29,21,176
2012-05-11,29,21,176
2012-05-12,29,21,176
2012-05-13,30,21,176
2012-05-14,30,21,176
2012-05-15,30,21,176
2012-05-16,29,23,175
2012-05-17,29,23,175
2012-05-18,29,23,175
2012-05-19,27,23,177
2012-05-20,27,22,178
2012-05-21,28,21,179
2012-05-22,27,22,179
2012-05-23,27,22,179
2012-05-24,28,21,180
2012-05-25,28,21,180
2012-05-26,28,21,180
2012-05-27,27,20,182
2012-05-28,27,20,183
2012-05-29,27,19,184
2012-05-30,27,18,186
2012-05-31,26,17,188
2012-06-01,25,16,190
2012-06-02,24,16,191
2012-06-03,24,16,191
2012-06-04,24,16,191
2012-06-05,24,17,190
2012-06-06,23,17,191
2012-06-07,23,17,191
2012-06-08,21,18,192
2012-06-09,21,18,192
2012-06-10,20,18,193
2012-06-11,19,19,193
2012-06-12,20,19,193
2012-06-13,20,19,193
2012-06-14,20,19,193
2012-06-15,20,19,193
2012-06-16,20,19,193
2012-06-17,20,19,193
2012-06-18,20,18,194
2012-06-19,19,18,195
2012-06-20,19,18,195
2012-06-21,20,18,196
2012-06-22,21,18,196
2012-06-23,21,18,196
2012-06-24,21,18,196
2012-06-25,21,18,196
2012-06-26,19,17,199
2012-06-27,18,17,201
2012-06-28,18,17,201
2012-06-29,18,17,201
2012-06-30,19,17,201
2012-07-01,18,16,203
2012-07-02,19,16,203
2012-07-03,19,16,203
2012-07-04,20,17,202
2012-07-05,19,16,204
2012-07-06,20,16,205
2012-07-07,20,16,205
2012-07-08,20,16,205
2012-07-09,21,16,205
2012-07-10,21,16,205
2012-07-11,21,16,205
2012-07-12,21,16,205
2012-07-13,21,17,205
2012-07-14,21,17,205
2012-07-15,21,17,205
2012-07-16,21,17,205
2012-07-17,21,18,204
2012-07-18,21,18,204
2012-07-19,21,18,204
2012-07-20,21,17,205
2012-07-21,22,17,206
2012-07-22,22,17,206
2012-07-23,21,16,208
2012-07-24,22,16,208
2012-07-25,21,16,209
2012-07-26,21,16,209
2012-07-27,22,16,209
2012-07-28,22,15,210
2012-07-29,22,15,210
2012-07-30,22,15,210
2012-07-31,24,15,210
2012-08-01,23,14,212
2012-08-02,23,14,212
2012-08-03,24,14,212
2012-08-04,24,14,212
2012-08-05,24,14,212
2012-08-06,24,14,212
2012-08-07,24,14,213
2012-08-08,24,14,213
2012-08-09,24,14,213
2012-08-10,24,14,213
2012-08-11,23,14,214
2012-08-12,23,14,214
2012-08-13,23,14,214
2012-08-14,25,12,216
2012-08-15,25,11,217
2012-08-16,25,11,217
2012-08-17,25,12,216
2012-08-18,25,12,216
2012-08-19,24,12,217
2012-08-20,25,11,218
2012-08-21,25,11,218
2012-08-22,24,11,219
2012-08-23,24,11,219
2012-08-24,24,11,219
2012-08-25,24,11,219
2012-08-26,23,11,220
2012-08-27,23,11,220
2012-08-28,22,11,221
2012-08-29,23,11,221
2012-08-30,23,11,221
2012-08-31,23,11,221
2012-09-01,24,11,221
2012-09-02,24,10,222
2012-09-03,24,9,223
2012-09-04,24,9,223
2012-09-05,25,9,223
2012-09-06,25,10,222
2012-09-07,25,12,220
2012-09-08,25,12,220
2012-09-09,25,11,221
2012-09-10,24,12,221
2012-09-11,24,12,221
2012-09-12,24,12,221
2012-09-13,26,12,221
2012-09-14,26,12,221
2012-09-15,26,12,221
2012-09-16,26,12,221
2012-09-17,26,12,221
2012-09-18,26,12,221
2012-09-19,24,12,223
2012-09-20,23,11,225
2012-09-21,23,11,225
2012-09-22,24,11,225
2012-09-23,24,11,225
2012-09-24,24,11,225
2012-09-25,23,12,226
2012-09-26,24,12,226
2012-09-27,24,12,226
2012-09-28,24,12,227
2012-09-29,24,12,227
2012-09-30,23,12,228
2012-10-01,23,12,228
2012-10-02,22,11,230
2012-10-03,22,10,231
2012-10-04,20,12,232
2012-10-05,20,12,232
2012-10-06,20,12,232
2012-10-07,19,13,232
2012-10-08,19,13,232
2012-10-09,19,13,232
2012-10-10,18,14,232
2012-10-11,18,13,233
2012-10-12,18,13,233
2012-10-13,18,13,233
2012-10-14,18,13,233
2012-10-15,18,12,234
2012-10-16,19,12,234
2012-10-17,19,12,234
2012-10-18,19,11,235
2012-10-19,18,11,237
2012-10-20,18,11,237
2012-10-21,18,11,237
2012-10-22,17,11,238
2012-10-23,17,11,238
2012-10-24,18,11,238
2012-10-25,18,11,239
2012-10-26,18,11,239
2012-10-27,18,11,239
2012-10-28,18,11,239
2012-10-29,17,11,241
2012-10-30,17,12,240
2012-10-31,18,13,239
2012-11-01,18,13,240
2012-11-02,18,14,239
2012-11-03,18,13,240
2012-11-04,18,13,240
2012-11-05,17,13,241
2012-11-06,17,13,241
2012-11-07,18,13,241
2012-11-08,19,14,240
2012-11-09,19,14,240
2012-11-10,20,14,240
2012-11-11,20,15,239
2012-11-12,18,15,241
2012-11-13,19,15,241
2012-11-14,20,15,241
2012-11-15,20,14,242
2012-11-16,21,14,242
2012-11-17,21,15,242
2012-11-18,20,15,243
2012-11-19,20,15,243
2012-11-20,21,15,243
2012-11-21,21,15,243
2012-11-22,21,15,243
2012-11-23,21,15,243
2012-11-24,22,15,243
2012-11-25,23,15,243
2012-11-26,23,15,243
2012-11-27,24,15,244
2012-11-28,24,15,244
2012-11-29,24,15,244
2012-11-30,23,15,245
2012-12-01,23,15,245
2012-12-02,23,15,245
2012-12-03,24,15,245
2012-12-04,24,15,245
2012-12-05,25,15,246
2012-12-06,25,13,248
2012-12-07,26,13,248
2012-12-08,26,13,248
2012-12-09,26,12,249
2012-12-10,26,13,249
2012-12-11,27,13,249
2012-12-12,25,13,251
2012-12-13,25,13,251
2012-12-14,25,13,251
2012-12-15,25,13,251
2012-12-16,25,13,251
2012-12-17,25,13,251
2012-12-18,25,13,251
2012-12-19,25,13,251
2012-12-20,25,13,251
2012-12-21,25,13,252
2012-12-22,25,13,252
2012-12-23,25,13,252
2012-12-24,25,12,253
2012-12-25,25,12,253
2012-12-26,25,12,253
2012-12-27,24,12,254
2012-12-28,24,12,254
2012-12-29,24,12,254
2012-12-30,23,13,254
2012-12-31,24,13,254
2013-01-01,24,13,254
2013-01-02,23,11,257
2013-01-03,24,12,256
2013-01-04,24,12,256
2013-01-05,24,11,257
2013-01-06,25,11,257
2013-01-07,25,11,257
2013-01-08,25,11,257
2013-01-09,25,11,257
2013-01-10,25,10,258
2013-01-11,25,10,258
2013-01-12,25,10,258
2013-01-13,25,10,258
2013-01-14,24,11,258
2013-01-15,24,11,258
2013-01-16,24,11,258
2013-01-17,23,12,258
2013-01-18,23,12,258
2013-01-19,23,12,258
2013-01-20,23,12,258
2013-01-21,23,12,258
2013-01-22,22,12,259
2013-01-23,21,12,260
2013-01-24,22,12,260
2013-01-25,22,12,260
2013-01-26,22,12,260
2013-01-27,21,12,261
2013-01-28,22,12,261
2013-01-29,21,11,263
2013-01-30,20,11,264
2013-01-31,20,10,265
2013-02-01,21,10,265
2013-02-02,22,10,265
2013-02-03,23,10,265
2013-02-04,23,10,265
2013-02-05,22,10,266
2013-02-06,21,9,268
2013-02-07,22,9,268
2013-02-08,22,9,269
2013-02-09,24,9,269
2013-02-10,24,9,269
2013-02-11,23,9,270
2013-02-12,22,10,270
2013-02-13,22,10,270
2013-02-14,22,11,269
2013-02-15,22,10,271
2013-02-16,22,10,271
2013-02-17,22,10,271
2013-02-18,22,11,270
2013-02-19,22,12,270
2013-02-20,22,12,270
2013-02-21,23,13,269
2013-02-22,22,13,270
2013-02-23,23,13,271
2013-02-24,22,17,268
2013-02-25,20,17,270
2013-02-26,20,17,270
2013-02-27,21,18,269
2013-02-28,20,19,269
2013-03-01,20,19,269
2013-03-02,22,19,269
2013-03-03,21,19,270
2013-03-04,21,20,269
2013-03-05,20,19,271
2013-03-06,20,20,271
2013-03-07,20,19,273
2013-03-08,21,19,273
2013-03-09,21,19,273
2013-03-10,21,18,274
2013-03-11,21,18,275
2013-03-12,22,18,275
2013-03-13,22,20,273
2013-03-14,23,20,273
2013-03-15,23,21,273
2013-03-16,24,21,273
2013-03-17,24,21,273
2013-03-18,22,23,273
2013-03-19,23,23,273
2013-03-20,23,23,273
2013-03-21,24,23,274
2013-03-22,24,23,274
2013-03-23,24,23,274
2013-03-24,24,23,274
2013-03-25,24,23,274
2013-03-26,24,23,274
2013-03-27,24,24,274
2013-03-28,24,24,274
2013-03-29,24,24,274
2013-03-30,24,23,275
2013-03-31,23,23,276
2013-04-01,23,23,276
2013-04-02,24,23,276
2013-04-03,23,22,278
2013-04-04,24,23,277
2013-04-05,25,23,277
2013-04-06,24,23,278
2013-04-07,26,24,277
2013-04-08,28,24,277
2013-04-09,28,24,277
2013-04-10,29,24,277
2013-04-11,30,24,277
2013-04-12,30,24,277
2013-04-13,30,24,277
2013-04-14,30,24,277
2013-04-15,30,24,277
2013-04-16,30,25,276
2013-04-17,31,24,277
2013-04-18,31,24,277
2013-04-19,31,24,277
2013-04-20,31,24,277
2013-04-21,31,24,277
2013-04-22,31,24,277
2013-04-23,32,24,277
2013-04-24,31,24,278
2013-04-25,31,24,278
2013-04-26,31,24,278
2013-04-27,31,24,278
2013-04-28,30,23,280
2013-04-29,31,23,280
2013-04-30,31,23,280
2013-05-01,31,23,280
2013-05-02,30,23,281
2013-05-03,30,23,281
2013-05-04,29,23,282
2013-05-05,29,23,282
2013-05-06,30,23,282
2013-05-07,30,23,282
2013-05-08,28,24,283
2013-05-09,29,24,283
2013-05-10,27,24,285
2013-05-11,27,24,285
2013-05-12,27,24,285
2013-05-13,27,24,285
2013-05-14,27,25,285
2013-05-15,28,24,286
2013-05-16,28,25,285
2013-05-17,28,25,285
2013-05-18,28,25,285
2013-05-19,28,25,286
2013-05-20,29,25,286
2013-05-21,29,24,287
2013-05-22,29,23,289
2013-05-23,29,23,289
2013-05-24,27,24,290
2013-05-25,27,22,292
2013-05-26,29,22,292
2013-05-27,29,22,292
2013-05-28,28,22,293
2013-05-29,28,22,293
2013-05-30,30,22,293
2013-05-31,28,23,294
2013-06-01,28,23,294
2013-06-02,28,21,296
2013-06-03,28,21,296
2013-06-04,28,19,299
2013-06-05,29,19,299
2013-06-06,28,19,300
2013-06-07,29,19,300
2013-06-08,29,19,300
2013-06-09,28,20,301
2013-06-10,27,21,301
2013-06-11,27,19,303
2013-06-12,25,20,304
2013-06-13,24,21,305
2013-06-14,24,21,305
2013-06-15,24,21,305
2013-06-16,24,20,306
2013-06-17,23,20,307
2013-06-18,25,20,307
2013-06-19,24,20,309
2013-06-20,25,20,309
2013-06-21,25,20,309
2013-06-22,25,20,309
2013-06-23,25,20,309
2013-06-24,25,21,308
2013-06-25,24,20,310
2013-06-26,25,20,310
2013-06-27,25,20,310
2013-06-28,25,20,310
2013-06-29,25,20,310
2013-06-30,25,20,310
2013-07-01,24,20,311
2013-07-02,25,20,311
2013-07-03,27,20,312
2013-07-04,28,20,313
2013-07-05,28,20,313
2013-07-06,26,20,315
2013-07-07,25,19,317
2013-07-08,26,19,317
2013-07-09,25,19,318
2013-07-10,24,20,318
2013-07-11,24,20,318
2013-07-12,24,20,318
2013-07-13,24,20,318
2013-07-14,25,19,319
2013-07-15,26,19,319
2013-07-16,25,19,320
2013-07-17,25,19,320
2013-07-18,25,19,320
2013-07-19,25,19,320
2013-07-20,25,19,320
2013-07-21,25,19,320
2013-07-22,24,20,321
2013-07-23,24,20,321
2013-07-24,24,20,321
2013-07-25,24,20,321
2013-07-26,25,18,323
2013-07-27,25,18,323
2013-07-28,24,18,324
2013-07-29,25,18,324
2013-07-30,26,18,324
2013-07-31,26,17,325
2013-08-01,27,17,325
2013-08-02,28,17,325
2013-08-03,28,17,325
2013-08-04,28,17,325
2013-08-05,28,17,325
2013-08-06,28,17,325
2013-08-07,28,17,325
2013-08-08,28,17,325
2013-08-09,28,17,325
2013-08-10,29,17,325
2013-08-11,29,17,325
2013-08-12,29,17,325
2013-08-13,29,18,325
2013-08-14,29,18,325
2013-08-15,29,18,325
2013-08-16,29,19,325
2013-08-17,29,18,326
2013-08-18,29,17,328
2013-08-19,30,17,328
2013-08-20,28,18,329
2013-08-21,28,18,329
2013-08-22,28,18,329
2013-08-23,28,18,329
2013-08-24,27,18,330
2013-08-25,27,18,330
2013-08-26,27,18,330
2013-08-27,27,18,330
2013-08-28,25,18,332
2013-08-29,25,17,333
2013-08-30,25,17,333
2013-08-31,25,17,333
2013-09-01,26,17,333
2013-09-02,26,17,334
2013-09-03,26,17,334
2013-09-04,26,17,334
2013-09-05,25,17,335
2013-09-06,25,16,336
2013-09-07,24,15,338
2013-09-08,24,14,339
2013-09-09,25,15,338
2013-09-10,25,15,338
2013-09-11,25,14,339
2013-09-12,28,14,339
2013-09-13,27,15,339
2013-09-14,27,15,339
2013-09-15,27,15,339
2013-09-16,26,15,341
2013-09-17,25,15,342
2013-09-18,26,15,343
2013-09-19,27,15,343
2013-09-20,27,16,343
2013-09-21,27,16,343
2013-09-22,27,16,343
2013-09-23,27,15,344
2013-09-24,27,15,345
2013-09-25,26,16,345
2013-09-26,25,18,344
2013-09-27,24,19,344
2013-09-28,25,19,344
2013-09-29,25,19,344
2013-09-30,24,19,345
2013-10-01,21,19,348
2013-10-02,19,19,350
2013-10-03,19,19,350
2013-10-04,21,19,350
2013-10-05,21,19,350
2013-10-06,20,19,351
2013-10-07,20,19,351
2013-10-08,21,18,352
2013-10-09,21,18,352
2013-10-10,22,19,351
2013-10-11,22,19,351
2013-10-12,22,19,351
2013-10-13,21,19,352
2013-10-14,21,19,352
2013-10-15,22,19,352
2013-10-16,23,19,352
2013-10-17,23,19,352
2013-10-18,26,19,352
2013-10-19,26,20,351
2013-10-20,25,20,352
2013-10-21,26,21,352
2013-10-22,26,21,352
2013-10-23,26,21,352
2013-10-24,26,21,353
2013-10-25,26,22,353
2013-10-26,27,22,353
2013-10-27,27,22,354
2013-10-28,26,21,356
2013-10-29,26,21,356
2013-10-30,26,21,357
2013-10-31,25,21,358
2013-11-01,25,21,358
2013-11-02,25,22,357
2013-11-03,25,22,357
2013-11-04,25,22,357
2013-11-05,26,23,357
2013-11-06,26,23,357
2013-11-07,27,25,356
2013-11-08,27,25,356
2013-11-09,28,26,356
2013-11-10,28,26,356
2013-11-11,27,26,357
2013-11-12,27,26,357
2013-11-13,27,26,357
2013-11-14,26,26,358
2013-11-15,26,27,358
2013-11-16,26,27,358
2013-11-17,25,27,359
2013-11-18,25,27,359
2013-11-19,26,27,359
2013-11-20,26,27,359
2013-11-21,26,27,359
2013-11-22,27,27,359
2013-11-23,28,27,359
2013-11-24,28,27,359
2013-11-25,28,27,359
2013-11-26,29,27,359
2013-11-27,29,27,359
2013-11-28,29,27,359
2013-11-29,30,27,359
2013-11-30,30,27,360
2013-12-01,29,27,361
2013-12-02,30,27,361
2013-12-03,30,27,361
2013-12-04,30,28,360
2013-12-05,30,28,360
2013-12-06,31,28,360
2013-12-07,31,28,360
2013-12-08,30,27,362
2013-12-09,31,27,362
2013-12-10,31,27,362
2013-12-11,30,27,363
2013-12-12,30,27,363
2013-12-13,30,27,363
2013-12-14,30,27,363
2013-12-15,30,27,363
2013-12-16,30,27,363
2013-12-17,30,26,365
2013-12-18,29,26,366
2013-12-19,29,26,367
2013-12-20,29,26,367
2013-12-21,30,26,367
2013-12-22,31,26,367
2013-12-23,29,27,368
2013-12-24,29,26,369
2013-12-25,29,24,371
2013-12-26,30,24,371
2013-12-27,29,24,372
2013-12-28,29,24,372
2013-12-29,28,25,372
2013-12-30,28,26,371
2013-12-31,28,26,371
2014-01-01,28,26,371
2014-01-02,26,26,373
2014-01-03,26,26,373
2014-01-04,26,26,373
2014-01-05,26,26,373
2014-01-06,25,25,375
2014-01-07,26,25,375
2014-01-08,25,25,376
2014-01-09,25,24,377
2014-01-10,26,24,377
2014-01-11,27,24,377
2014-01-12,28,25,376
2014-01-13,27,25,377
2014-01-14,26,25,379
2014-01-15,26,26,379
2014-01-16,24,26,381
2014-01-17,24,25,382
2014-01-18,24,24,383
2014-01-19,23,23,385
2014-01-20,24,23,385
2014-01-21,24,23,385
2014-01-22,23,23,386
2014-01-23,23,23,386
2014-01-24,23,23,387
2014-01-25,23,23,388
2014-01-26,23,23,388
2014-01-27,23,23,388
2014-01-28,22,23,389
2014-01-29,23,23,389
2014-01-30,23,23,389
2014-01-31,23,23,389
2014-02-01,23,23,389
2014-02-02,23,22,390
2014-02-03,23,21,391
2014-02-04,23,21,391
2014-02-05,22,19,394
2014-02-06,22,19,394
2014-02-07,21,18,397
2014-02-08,22,18,397
2014-02-09,22,17,398
2014-02-10,22,17,398
2014-02-11,22,17,398
2014-02-12,22,16,399
2014-02-13,23,15,400
2014-02-14,23,15,400
2014-02-15,23,14,401
2014-02-16,23,14,401
2014-02-17,22,14,402
2014-02-18,23,14,402
2014-02-19,23,14,402
2014-02-20,22,15,403
2014-02-21,22,15,404
2014-02-22,22,15,404
2014-02-23,23,15,404
2014-02-24,22,15,405
2014-02-25,22,15,405
2014-02-26,23,15,405
2014-02-27,24,16,405
2014-02-28,24,16,405
2014-03-01,24,17,404
2014-03-02,25,17,405
2014-03-03,25,16,406
2014-03-04,24,16,407
2014-03-05,25,16,407
2014-03-06,24,17,407
2014-03-07,24,17,407
2014-03-08,26,17,407
2014-03-09,24,18,408
2014-03-10,24,18,408
2014-03-11,24,18,408
2014-03-12,25,18,408
2014-03-13,26,18,408
2014-03-14,26,19,408
2014-03-15,25,20,408
2014-03-16,25,19,409
2014-03-17,24,19,410
2014-03-18,24,19,411
2014-03-19,23,19,412
2014-03-20,25,19,412
2014-03-21,24,20,412
2014-03-22,23,20,413
2014-03-23,23,19,414
2014-03-24,21,21,414
2014-03-25,21,21,414
2014-03-26,19,22,415
2014-03-27,19,22,415
2014-03-28,19,23,414
2014-03-29,19,23,414
2014-03-30,19,22,415
2014-03-31,19,22,415
2014-04-01,19,22,415
2014-04-02,19,22,415
2014-04-03,19,22,415
2014-04-04,19,22,415
2014-04-05,20,22,415
2014-04-06,20,22,415
2014-04-07,19,22,416
2014-04-08,20,22,416
2014-04-09,20,22,416
2014-04-10,19,22,417
2014-04-11,19,22,417
2014-04-12,18,22,418
2014-04-13,19,22,418
2014-04-14,20,21,419
2014-04-15,20,22,419
2014-04-16,21,21,420
2014-04-17,21,20,421
2014-04-18,21,20,421
2014-04-19,21,20,421
2014-04-20,20,20,422
2014-04-21,20,20,422
2014-04-22,21,20,422
2014-04-23,21,20,422
2014-04-24,20,20,423
2014-04-25,19,20,424
2014-04-26,20,20,424
2014-04-27,20,20,424
2014-04-28,20,20,424
2014-04-29,20,20,425
2014-04-30,20,20,425
2014-05-01,22,20,425
2014-05-02,22,20,425
2014-05-03,22,21,425
2014-05-04,22,21,425
2014-05-05,22,21,425
2014-05-06,22,21,425
2014-05-07,22,21,425
2014-05-08,21,21,426
2014-05-09,20,22,426
2014-05-10,20,22,426
2014-05-11,20,22,426
2014-05-12,20,22,426
2014-05-13,21,22,426
2014-05-14,21,22,427
2014-05-15,22,22,427
2014-05-16,21,24,426
2014-05-17,21,24,426
2014-05-18,22,24,426
2014-05-19,20,25,427
2014-05-20,20,25,427
2014-05-21,20,24,428
2014-05-22,19,24,429
2014-05-23,20,24,429
2014-05-24,20,24,429
2014-05-25,20,24,429
2014-05-26,20,24,429
2014-05-27,20,24,430
2014-05-28,18,24,432
2014-05-29,19,23,433
2014-05-30,19,22,434
2014-05-31,19,22,434
2014-06-01,20,22,434
2014-06-02,21,21,435
2014-06-03,20,21,436
2014-06-04,21,20,437
2014-06-05,22,20,437
2014-06-06,24,20,437
2014-06-07,24,19,438
2014-06-08,25,19,438
2014-06-09,25,20,438
2014-06-10,27,20,438
2014-06-11,25,21,439
2014-06-12,24,20,441
2014-06-13,24,21,440
2014-06-14,25,21,440
2014-06-15,24,22,440
2014-06-16,24,22,440
2014-06-17,24,22,440
2014-06-18,23,22,441
2014-06-19,23,21,442
2014-06-20,23,21,442
2014-06-21,23,21,442
2014-06-22,23,18,445
2014-06-23,23,18,445
2014-06-24,24,16,447
2014-06-25,26,16,447
2014-06-26,25,17,447
2014-06-27,26,17,447
2014-06-28,26,17,447
2014-06-29,26,17,447
2014-06-30,27,17,447
2014-07-01,27,17,447
2014-07-02,29,17,447
2014-07-03,29,17,447
2014-07-04,29,17,448
2014-07-05,29,17,448
2014-07-06,29,17,448
2014-07-07,28,17,449
2014-07-08,28,17,449
2014-07-09,29,17,449
2014-07-10,29,17,449
2014-07-11,29,17,449
2014-07-12,28,17,450
2014-07-13,28,18,449
2014-07-14,27,17,451
2014-07-15,27,17,452
2014-07-16,27,18,451
2014-07-17,28,18,451
2014-07-18,28,17,452
2014-07-19,28,17,452
2014-07-20,28,17,452
2014-07-21,27,17,453
2014-07-22,28,17,453
2014-07-23,28,17,453
2014-07-24,29,17,453
2014-07-25,28,17,454
2014-07-26,28,17,454
2014-07-27,29,17,454
2014-07-28,29,17,455
2014-07-29,29,17,455
2014-07-30,26,18,457
2014-07-31,26,18,457
2014-08-01,27,18,457
2014-08-02,27,18,457
2014-08-03,29,18,457
2014-08-04,28,19,457
2014-08-05,28,19,457
2014-08-06,28,20,456
2014-08-07,28,19,457
2014-08-08,27,20,457
2014-08-09,27,20,457
2014-08-10,27,20,457
2014-08-11,25,21,458
2014-08-12,25,21,458
2014-08-13,26,21,458
2014-08-14,28,21,458
2014-08-15,29,21,458
2014-08-16,28,21,459
2014-08-17,28,20,460
2014-08-18,28,20,460
2014-08-19,29,20,460
2014-08-20,29,19,461
2014-08-21,28,20,461
2014-08-22,29,20,461
2014-08-23,29,20,461
2014-08-24,28,21,461
2014-08-25,27,21,462
2014-08-26,27,20,463
2014-08-27,26,20,464
2014-08-28,26,21,463
2014-08-29,27,21,463
2014-08-30,28,22,462
2014-08-31,27,23,462
2014-09-01,27,24,461
2014-09-02,27,24,462
2014-09-03,28,23,463
2014-09-04,28,23,463
2014-09-05,28,23,463
2014-09-06,27,23,464
2014-09-07,27,22,466
2014-09-08,26,22,467
2014-09-09,27,21,468
2014-09-10,27,23,466
2014-09-11,27,22,467
2014-09-12,26,22,468
2014-09-13,26,23,467
2014-09-14,26,24,466
2014-09-15,26,23,467
2014-09-16,27,23,467
2014-09-17,28,23,467
2014-09-18,28,23,467
2014-09-19,28,23,467
2014-09-20,28,23,467
2014-09-21,28,23,467
2014-09-22,29,23,467
2014-09-23,28,23,468
2014-09-24,28,22,469
2014-09-25,27,23,470
2014-09-26,27,22,471
2014-09-27,29,22,471
2014-09-28,28,22,472
2014-09-29,28,22,472
2014-09-30,26,22,474
2014-10-01,26,23,473
2014-10-02,25,23,474
2014-10-03,25,23,474
2014-10-04,26,23,474
2014-10-05,28,23,474
2014-10-06,29,23,474
2014-10-07,29,23,475
2014-10-08,29,24,475
2014-10-09,29,24,475
2014-10-10,30,24,475
2014-10-11,30,23,476
2014-10-12,30,23,476
2014-10-13,30,23,477
2014-10-14,30,23,477
2014-10-15,30,23,477
2014-10-16,30,23,477
2014-10-17,30,23,477
2014-10-18,30,23,477
2014-10-19,30,23,477
2014-10-20,29,23,478
2014-10-21,29,24,477
2014-10-22,29,24,477
2014-10-23,29,24,477
2014-10-24,29,24,477
2014-10-25,27,25,478
2014-10-26,26,25,479
2014-10-27,27,25,479
2014-10-28,27,24,480
2014-10-29,28,24,480
2014-10-30,27,25,481
2014-10-31,27,25,481
2014-11-01,25,25,483
2014-11-02,26,24,484
2014-11-03,26,24,484
2014-11-04,26,23,485
2014-11-05,26,23,485
2014-11-06,26,23,485
2014-11-07,26,23,485
2014-11-08,27,23,485
2014-11-09,27,23,485
2014-11-10,28,22,486
2014-11-11,27,22,487
2014-11-12,25,22,489
2014-11-13,24,22,490
2014-11-14,25,22,490
2014-11-15,25,22,490
2014-11-16,25,22,490
2014-11-17,24,22,491
2014-11-18,24,22,491
2014-11-19,24,21,492
2014-11-20,23,21,493
2014-11-21,23,21,493
2014-11-22,23,20,494
2014-11-23,25,19,495
2014-11-24,26,19,495
2014-11-25,26,20,494
2014-11-26,26,20,494
2014-11-27,25,20,495
2014-11-28,24,20,496
2014-11-29,24,19,497
2014-11-30,24,19,497
2014-12-01,23,19,498
2014-12-02,22,19,499
2014-12-03,22,19,499
2014-12-04,23,19,499
2014-12-05,23,19,499
2014-12-06,22,19,500
2014-12-07,22,19,500
2014-12-08,21,19,501
2014-12-09,21,17,503
2014-12-10,21,16,504
2014-12-11,21,16,504
2014-12-12,22,15,505
2014-12-13,22,14,506
2014-12-14,22,14,506
2014-12-15,21,14,507
2014-12-16,20,13,509
2014-12-17,20,14,508
2014-12-18,20,14,508
2014-12-19,20,14,508
2014-12-20,20,14,508
2014-12-21,19,14,509
2014-12-22,21,14,509
2014-12-23,21,14,509
2014-12-24,23,13,510
2014-12-25,23,13,510
2014-12-26,21,13,512
2014-12-27,21,13,512
2014-12-28,22,14,511
2014-12-29,22,14,511
2014-12-30,22,13,512
2014-12-31,23,13,512
2015-01-01,23,13,512
2015-01-02,22,12,514
2015-01-03,22,12,516
2015-01-04,21,12,517
2015-01-05,20,13,517
2015-01-06,21,12,518
2015-01-07,21,12,518
2015-01-08,20,12,519
2015-01-09,20,12,519
2015-01-10,20,12,519
2015-01-11,20,12,519
2015-01-12,20,12,519
2015-01-13,22,12,519
2015-01-14,23,12,519
2015-01-15,22,13,519
2015-01-16,22,13,519
2015-01-17,22,13,519
2015-01-18,22,14,519
2015-01-19,22,13,520
2015-01-20,22,13,520
2015-01-21,22,13,520
2015-01-22,22,13,520
2015-01-23,22,12,521
2015-01-24,22,12,521
2015-01-25,21,12,522
2015-01-26,21,12,522
2015-01-27,20,12,523
2015-01-28,21,11,524
2015-01-29,21,10,525
2015-01-30,21,10,525
2015-01-31,20,10,526
2015-02-01,20,10,526
2015-02-02,20,11,525
2015-02-03,20,11,525
2015-02-04,20,12,525
2015-02-05,20,12,525
2015-02-06,19,12,526
2015-02-07,20,12,526
2015-02-08,20,12,527
2015-02-09,20,12,527
2015-02-10,21,12,527
2015-02-11,21,12,527
2015-02-12,20,12,528
2015-02-13,20,13,528
2015-02-14,20,13,528
2015-02-15,20,13,528
2015-02-16,20,14,527
2015-02-17,20,14,527
2015-02-18,20,14,527
2015-02-19,20,14,527
2015-02-20,20,14,527
2015-02-21,19,14,529
2015-02-22,18,15,529
2015-02-23,19,14,530
2015-02-24,19,14,530
2015-02-25,19,14,530
2015-02-26,19,14,530
2015-02-27,19,14,530
2015-02-28,19,14,530
2015-03-01,19,14,530
2015-03-02,20,14,530
2015-03-03,20,14,530
2015-03-04,19,14,531
2015-03-05,19,14,531
2015-03-06,19,14,531
2015-03-07,19,14,531
2015-03-08,19,14,531
2015-03-09,20,14,531
2015-03-10,20,14,531
2015-03-11,20,14,531
2015-03-12,19,14,532
2015-03-13,19,14,532
2015-03-14,19,14,532
2015-03-15,19,14,532
2015-03-16,19,14,532
2015-03-17,19,13,533
2015-03-18,19,13,533
2015-03-19,19,13,533
2015-03-20,19,13,533
2015-03-21,19,13,533
2015-03-22,17,12,536
2015-03-23,18,12,536
2015-03-24,16,12,538
2015-03-25,18,12,538
2015-03-26,18,12,538
2015-03-27,18,12,538
2015-03-28,17,12,539
2015-03-29,17,12,539
2015-03-30,18,12,539
2015-03-31,19,12,540
2015-04-01,19,12,540
2015-04-02,19,12,540
2015-04-03,17,12,542
2015-04-04,17,12,542
2015-04-05,17,12,542
2015-04-06,17,12,543
2015-04-07,17,12,543
2015-04-08,17,12,543
2015-04-09,17,12,543
2015-04-10,18,12,543
2015-04-11,18,12,543
2015-04-12,18,11,544
2015-04-13,17,11,546
2015-04-14,17,12,546
2015-04-15,17,12,546
2015-04-16,18,12,546
2015-04-17,18,12,546
2015-04-18,18,11,547
2015-04-19,18,11,547
2015-04-20,18,11,547
2015-04-21,19,11,547
2015-04-22,19,12,547
2015-04-23,19,12,547
2015-04-24,19,13,547
2015-04-25,19,13,547
2015-04-26,19,13,547
2015-04-27,20,13,547
2015-04-28,19,13,548
2015-04-29,19,13,548
2015-04-30,20,13,548
2015-05-01,20,13,548
2015-05-02,20,14,547
2015-05-03,20,14,547
2015-05-04,20,14,547
2015-05-05,20,13,548
2015-05-06,20,13,548
2015-05-07,21,15,547
2015-05-08,20,15,548
2015-05-09,19,15,549
2015-05-10,19,15,549
2015-05-11,18,15,550
2015-05-12,19,15,550
2015-05-13,20,15,550
2015-05-14,20,15,550
2015-05-15,21,15,550
2015-05-16,21,15,550
2015-05-17,21,14,551
2015-05-18,22,14,551
2015-05-19,22,14,551
2015-05-20,22,14,551
2015-05-21,22,14,551
2015-05-22,21,14,552
2015-05-23,21,14,552
2015-05-24,19,15,553
2015-05-25,20,16,552
2015-05-26,20,16,552
2015-05-27,21,15,553
2015-05-28,21,15,553
2015-05-29,21,15,553
2015-05-30,21,15,553
2015-05-31,20,15,554
2015-06-01,20,15,554
2015-06-02,20,15,554
2015-06-03,21,15,554
2015-06-04,21,15,554
2015-06-05,22,16,553
2015-06-06,22,16,553
2015-06-07,21,16,554
2015-06-08,21,16,554
2015-06-09,21,17,553
2015-06-10,21,17,553
2015-06-11,21,17,553
2015-06-12,22,17,553
2015-06-13,22,17,553
2015-06-14,22,17,553
2015-06-15,22,17,553
2015-06-16,22,17,553
2015-06-17,23,17,553
2015-06-18,23,19,552
2015-06-19,23,19,552
2015-06-20,24,20,552
2015-06-21,24,19,553
2015-06-22,24,19,553
2015-06-23,22,19,555
2015-06-24,22,19,555
2015-06-25,25,19,555
2015-06-26,27,17,557
2015-06-27,26,18,557
2015-06-28,26,18,558
2015-06-29,24,19,559
2015-06-30,24,19,559
2015-07-01,24,19,559
2015-07-02,25,19,559
2015-07-03,26,19,559
2015-07-04,27,19,559
2015-07-05,26,19,560
2015-07-06,26,19,561
2015-07-07,26,19,561
2015-07-08,26,19,561
2015-07-09,26,19,562
2015-07-10,26,19,562
2015-07-11,26,19,562
2015-07-12,25,19,563
2015-07-13,25,19,563
2015-07-14,25,20,562
2015-07-15,25,21,563
2015-07-16,25,21,563
2015-07-17,26,22,562
2015-07-18,26,22,562
2015-07-19,26,22,562
2015-07-20,25,22,563
2015-07-21,25,21,564
2015-07-22,25,21,564
2015-07-23,25,21,564
2015-07-24,27,21,564
2015-07-25,27,21,564
2015-07-26,26,21,565
2015-07-27,26,21,565
2015-07-28,26,22,565
2015-07-29,26,22,566
2015-07-30,26,22,566
2015-07-31,26,22,566
2015-08-01,26,22,566
2015-08-02,26,22,566
2015-08-03,26,22,566
2015-08-04,27,22,566
2015-08-05,26,21,568
2015-08-06,27,21,568
2015-08-07,27,21,568
2015-08-08,27,21,568
2015-08-09,27,21,568
2015-08-10,26,21,569
2015-08-11,25,22,569
2015-08-12,26,22,569
2015-08-13,24,23,570
2015-08-14,24,23,570
2015-08-15,26,23,570
2015-08-16,25,23,571
2015-08-17,25,23,572
2015-08-18,26,22,573
2015-08-19,26,22,573
2015-08-20,26,22,573
2015-08-21,26,22,573
2015-08-22,26,21,574
2015-08-23,24,21,576
2015-08-24,24,21,576
2015-08-25,23,21,577
2015-08-26,23,21,577
2015-08-27,23,21,577
2015-08-28,24,21,577
2015-08-29,25,21,577
2015-08-30,25,21,577
2015-08-31,25,21,577
2015-09-01,25,21,578
2015-09-02,27,21,578
2015-09-03,26,20,580
2015-09-04,26,20,580
2015-09-05,26,21,579
2015-09-06,26,21,579
2015-09-07,26,20,580
2015-09-08,26,20,580
2015-09-09,26,20,580
2015-09-10,25,20,581
2015-09-11,25,20,581
2015-09-12,25,20,581
2015-09-13,25,20,581
2015-09-14,25,21,580
2015-09-15,25,21,580
2015-09-16,25,19,582
2015-09-17,25,19,582
2015-09-18,24,19,583
2015-09-19,24,19,583
2015-09-20,24,19,583
2015-09-21,24,18,584
2015-09-22,24,18,584
2015-09-23,22,18,586
2015-09-24,20,18,588
2015-09-25,21,18,588
2015-09-26,21,18,588
2015-09-27,21,18,588
2015-09-28,22,17,589
2015-09-29,22,17,589
2015-09-30,22,17,590
2015-10-01,21,17,591
2015-10-02,21,17,592
2015-10-03,21,16,593
2015-10-04,21,16,593
2015-10-05,21,16,593
2015-10-06,21,16,593
2015-10-07,20,16,594
2015-10-08,20,17,593
2015-10-09,20,17,593
2015-10-10,20,16,594
2015-10-11,20,16,594
2015-10-12,20,16,594
2015-10-13,19,16,595
2015-10-14,21,16,595
2015-10-15,19,18,595
2015-10-16,19,18,595
2015-10-17,19,18,595
2015-10-18,19,18,595
2015-10-19,20,18,595
2015-10-20,20,18,595
2015-10-21,20,18,595
2015-10-22,18,18,597
2015-10-23,18,17,598
2015-10-24,18,17,598
2015-10-25,18,17,598
2015-10-26,17,19,597
2015-10-27,16,20,597
2015-10-28,17,20,597
2015-10-29,17,20,597
2015-10-30,17,21,597
2015-10-31,17,21,597
2015-11-01,17,21,597
2015-11-02,19,21,597
2015-11-03,20,20,598
2015-11-04,19,20,599
2015-11-05,19,19,600
2015-11-06,19,19,600
2015-11-07,19,19,600
2015-11-08,19,19,600
2015-11-09,19,19,600
2015-11-10,20,19,600
2015-11-11,20,19,600
2015-11-12,21,19,600
2015-11-13,20,19,601
2015-11-14,20,19,601
2015-11-15,19,18,603
2015-11-16,18,18,604
2015-11-17,18,18,604
2015-11-18,19,18,604
2015-11-19,19,18,604
2015-11-20,20,18,604
2015-11-21,20,17,605
2015-11-22,20,17,605
2015-11-23,20,17,605
2015-11-24,20,17,605
2015-11-25,20,17,605
2015-11-26,20,17,606
2015-11-27,19,17,607
2015-11-28,19,17,607
2015-11-29,20,17,607
2015-11-30,19,17,608
2015-12-01,17,17,610
2015-12-02,17,17,610
2015-12-03,17,17,610
2015-12-04,18,16,611
2015-12-05,19,16,611
2015-12-06,19,16,611
2015-12-07,20,16,611
2015-12-08,21,16,611
2015-12-09,21,17,610
2015-12-10,21,17,610
2015-12-11,21,18,609
2015-12-12,21,18,609
2015-12-13,21,19,608
2015-12-14,22,19,608
2015-12-15,22,19,608
2015-12-16,22,20,607
2015-12-17,23,20,607
2015-12-18,24,20,607
2015-12-19,24,20,607
2015-12-20,24,20,607
2015-12-21,24,20,607
2015-12-22,24,20,607
2015-12-23,24,19,608
2015-12-24,24,19,609
2015-12-25,24,19,609
2015-12-26,26,19,609
2015-12-27,25,19,610
2015-12-28,25,20,610
2015-12-29,24,20,611
2015-12-30,25,20,611
2015-12-31,24,20,612
2016-01-01,25,19,613
2016-01-02,25,18,614
2016-01-03,25,18,614
2016-01-04,25,18,614
2016-01-05,25,18,614
2016-01-06,25,17,615
2016-01-07,26,17,615
2016-01-08,26,17,615
2016-01-09,26,17,615
2016-01-10,25,17,616
2016-01-11,25,17,616
2016-01-12,23,17,618
2016-01-13,23,16,619
2016-01-14,23,15,620
2016-01-15,23,15,620
2016-01-16,23,15,620
2016-01-17,23,15,620
2016-01-18,26,15,620
2016-01-19,26,15,620
2016-01-20,27,15,620
2016-01-21,27,15,620
2016-01-22,27,16,619
2016-01-23,27,16,619
2016-01-24,27,14,621
2016-01-25,28,13,622
2016-01-26,27,13,623
2016-01-27,27,13,623
2016-01-28,26,12,625
2016-01-29,26,12,625
2016-01-30,26,12,625
2016-01-31,25,12,627
2016-02-01,25,12,628
2016-02-02,25,12,628
2016-02-03,25,12,628
2016-02-04,27,12,628
2016-02-05,27,12,628
2016-02-06,27,13,627
2016-02-07,27,13,627
2016-02-08,26,13,628
2016-02-09,26,13,628
2016-02-10,25,14,628
2016-02-11,26,14,628
2016-02-12,26,14,628
2016-02-13,26,14,628
2016-02-14,29,14,628
2016-02-15,30,14,628
2016-02-16,29,14,629
2016-02-17,29,14,629
2016-02-18,28,14,630
2016-02-19,28,15,630
2016-02-20,28,15,630
2016-02-21,28,15,630
2016-02-22,28,16,629
2016-02-23,29,16,629
2016-02-24,28,16,630
2016-02-25,28,16,630
2016-02-26,28,16,630
2016-02-27,27,16,631
2016-02-28,28,16,631
2016-02-29,29,17,630
2016-03-01,30,18,629
2016-03-02,32,18,629
2016-03-03,31,18,630
2016-03-04,31,18,631
2016-03-05,32,18,631
2016-03-06,31,18,632
2016-03-07,30,18,633
2016-03-08,30,19,632
2016-03-09,30,19,632
2016-03-10,31,19,632
2016-03-11,31,19,632
2016-03-12,31,18,633
2016-03-13,30,18,634
2016-03-14,30,18,634
2016-03-15,30,16,636
2016-03-16,29,16,637
2016-03-17,29,16,638
2016-03-18,29,15,639
2016-03-19,29,15,639
2016-03-20,29,16,638
2016-03-21,29,16,638
2016-03-22,29,16,638
2016-03-23,28,16,639
2016-03-24,29,16,639
2016-03-25,27,16,641
2016-03-26,27,17,640
2016-03-27,27,16,641
2016-03-28,27,16,641
2016-03-29,27,16,642
2016-03-30,29,16,642
2016-03-31,30,16,643
2016-04-01,31,16,643
2016-04-02,31,16,643
2016-04-03,31,17,642
2016-04-04,34,17,642
2016-04-05,33,18,642
2016-04-06,35,18,642
2016-04-07,36,18,642
2016-04-08,35,19,642
2016-04-09,35,19,642
2016-04-10,35,19,642
2016-04-11,35,19,642
2016-04-12,35,19,642
2016-04-13,35,20,641
2016-04-14,35,20,641
2016-04-15,37,20,641
2016-04-16,37,20,641
2016-04-17,35,20,644
2016-04-18,36,20,644
2016-04-19,36,20,645
2016-04-20,36,19,646
2016-04-21,37,18,647
2016-04-22,36,19,647
2016-04-23,36,19,647
2016-04-24,35,19,648
2016-04-25,36,19,648
2016-04-26,36,20,648
2016-04-27,36,20,648
2016-04-28,36,20,648
2016-04-29,37,20,648
2016-04-30,36,20,649
2016-05-01,35,20,650
2016-05-02,35,20,650
2016-05-03,35,20,650
2016-05-04,33,20,652
2016-05-05,33,21,651
2016-05-06,37,20,652
2016-05-07,38,20,652
2016-05-08,38,20,652
2016-05-09,36,22,652
2016-05-10,36,21,653
2016-05-11,35,21,654
2016-05-12,35,21,654
2016-05-13,36,21,654
2016-05-14,34,21,657
2016-05-15,33,21,658
2016-05-16,33,21,658
2016-05-17,33,22,657
2016-05-18,33,22,657
2016-05-19,33,22,657
2016-05-20,33,22,657
2016-05-21,33,22,657
2016-05-22,33,22,657
2016-05-23,32,22,658
2016-05-24,32,22,658
2016-05-25,32,22,658
2016-05-26,32,22,658
2016-05-27,32,22,658
2016-05-28,31,22,659
2016-05-29,31,22,660
2016-05-30,30,21,662
2016-05-31,28,21,664
2016-06-01,28,21,664
2016-06-02,27,21,665
2016-06-03,27,21,665
2016-06-04,28,21,665
2016-06-05,29,21,665
2016-06-06,30,20,666
2016-06-07,31,20,666
2016-06-08,31,20,667
2016-06-09,31,21,666
2016-06-10,31,21,666
2016-06-11,30,22,666
2016-06-12,31,22,666
2016-06-13,32,22,666
2016-06-14,32,23,666
2016-06-15,32,23,667
2016-06-16,33,22,668
2016-06-17,34,22,668
2016-06-18,35,22,668
2016-06-19,34,23,668
2016-06-20,34,23,668
2016-06-21,34,24,668
2016-06-22,34,24,669
2016-06-23,34,24,669
2016-06-24,34,24,669
2016-06-25,34,23,670
2016-06-26,35,23,670
2016-06-27,35,23,671
2016-06-28,33,23,673
2016-06-29,31,23,675
2016-06-30,32,23,675
2016-07-01,32,24,674
2016-07-02,32,23,675
2016-07-03,30,23,678
2016-07-04,29,23,679
2016-07-05,28,22,682
2016-07-06,29,22,683
2016-07-07,29,23,682
2016-07-08,30,23,682
2016-07-09,30,23,682
2016-07-10,29,24,682
2016-07-11,29,24,682
2016-07-12,29,25,682
2016-07-13,29,24,683
2016-07-14,30,24,684
2016-07-15,29,25,684
2016-07-16,28,25,685
2016-07-17,28,25,685
2016-07-18,27,26,685
2016-07-19,27,26,685
2016-07-20,27,26,685
2016-07-21,28,25,686
2016-07-22,28,25,686
2016-07-23,28,25,686
2016-07-24,27,25,687
2016-07-25,26,25,689
2016-07-26,27,25,689
2016-07-27,27,25,689
2016-07-28,27,25,690
2016-07-29,27,25,690
2016-07-30,27,25,690
2016-07-31,27,25,690
2016-08-01,27,26,690
2016-08-02,28,26,690
2016-08-03,28,26,690
2016-08-04,28,26,693
2016-08-05,26,28,693
2016-08-06,26,27,694
2016-08-07,26,25,696
2016-08-08,26,25,696
2016-08-09,27,25,696
2016-08-10,28,25,696
2016-08-11,27,25,697
2016-08-12,26,25,698
2016-08-13,27,25,698
2016-08-14,27,26,697
2016-08-15,27,26,697
2016-08-16,27,25,698
2016-08-17,27,25,698
2016-08-18,27,26,697
2016-08-19,28,26,697
2016-08-20,27,27,697
2016-08-21,27,27,697
2016-08-22,28,27,697
2016-08-23,28,27,697
2016-08-24,28,27,697
2016-08-25,29,27,697
2016-08-26,29,27,697
2016-08-27,28,27,698
2016-08-28,28,27,698
2016-08-29,28,28,697
2016-08-30,28,28,697
2016-08-31,28,28,697
2016-09-01,27,29,697
2016-09-02,26,30,697
2016-09-03,25,29,699
2016-09-04,24,29,700
2016-09-05,24,29,700
2016-09-06,24,29,700
2016-09-07,24,28,701
2016-09-08,24,28,701
2016-09-09,24,27,702
2016-09-10,24,27,702
2016-09-11,24,27,703
2016-09-12,24,26,705
2016-09-13,24,26,706
2016-09-14,24,26,707
2016-09-15,23,26,708
2016-09-16,25,26,709
2016-09-17,25,25,710
2016-09-18,25,26,710
2016-09-19,25,25,711
2016-09-20,23,26,712
2016-09-21,24,26,712
2016-09-22,24,26,712
2016-09-23,23,27,712
2016-09-24,24,27,713
2016-09-25,23,27,714
2016-09-26,25,27,714
2016-09-27,25,28,713
2016-09-28,24,28,714
2016-09-29,24,27,715
2016-09-30,24,27,715
2016-10-01,25,27,715
2016-10-02,26,27,715
2016-10-03,26,27,715
2016-10-04,25,27,716
2016-10-05,26,25,718
2016-10-06,26,25,718
2016-10-07,25,26,718
2016-10-08,25,25,719
2016-10-09,25,25,719
2016-10-10,24,25,720
2016-10-11,24,24,721
2016-10-12,22,23,724
2016-10-13,22,23,724
2016-10-14,22,23,724
2016-10-15,22,22,725
2016-10-16,22,23,724
2016-10-17,22,23,724
2016-10-18,22,23,724
2016-10-19,23,23,724
2016-10-20,25,23,724
2016-10-21,26,23,724
2016-10-22,26,23,724
2016-10-23,26,23,725
2016-10-24,25,24,725
2016-10-25,26,25,725
2016-10-26,25,25,726
2016-10-27,26,22,729
2016-10-28,26,23,728
2016-10-29,26,24,728
2016-10-30,26,24,728
2016-10-31,26,24,729
2016-11-01,26,24,729
2016-11-02,24,24,731
2016-11-03,24,22,733
2016-11-04,25,22,733
2016-11-05,25,22,733
2016-11-06,25,22,733
2016-11-07,24,22,734
2016-11-08,23,22,735
2016-11-09,23,22,735
2016-11-10,23,22,735
2016-11-11,23,22,735
2016-11-12,23,21,736
2016-11-13,23,21,736
2016-11-14,23,21,736
2016-11-15,23,21,736
2016-11-16,24,20,737
2016-11-17,25,20,737
2016-11-18,25,19,738
2016-11-19,25,19,738
2016-11-20,25,19,739
2016-11-21,25,19,739
2016-11-22,26,19,739
2016-11-23,26,19,740
2016-11-24,26,19,740
2016-11-25,27,19,740
2016-11-26,26,20,740
2016-11-27,26,20,740
2016-11-28,26,20,740
2016-11-29,26,20,740
2016-11-30,26,20,740
2016-12-01,26,20,740
2016-12-02,26,22,738
2016-12-03,27,22,738
2016-12-04,27,22,738
2016-12-05,27,22,738
2016-12-06,27,21,739
2016-12-07,27,21,739
2016-12-08,28,21,739
2016-12-09,28,21,739
2016-12-10,27,20,741
2016-12-11,26,20,742
2016-12-12,25,20,743
2016-12-13,24,20,744
2016-12-14,24,21,743
2016-12-15,22,21,745
2016-12-16,22,21,745
2016-12-17,22,21,745
2016-12-18,22,20,746
2016-12-19,22,20,746
2016-12-20,23,20,747
2016-12-21,24,20,747
2016-12-22,25,19,748
2016-12-23,23,18,751
2016-12-24,24,18,751
2016-12-25,22,18,753
2016-12-26,22,17,754
2016-12-27,22,17,754
2016-12-28,22,17,754
2016-12-29,22,17,754
2016-12-30,22,17,754
2016-12-31,21,17,755
2017-01-01,21,17,755
2017-01-02,21,17,755
2017-01-03,20,16,757
2017-01-04,20,16,757
2017-01-05,19,17,757
2017-01-06,19,17,757
2017-01-07,19,18,756
2017-01-08,19,18,756
2017-01-09,19,19,756
2017-01-10,19,19,756
2017-01-11,19,19,756
2017-01-12,19,19,756
2017-01-13,19,19,756
2017-01-14,20,19,756
2017-01-15,20,19,756
2017-01-16,20,20,756
2017-01-17,20,21,756
2017-01-18,19,22,756
2017-01-19,18,22,757
2017-01-20,18,23,756
2017-01-21,17,22,758
2017-01-22,18,21,759
2017-01-23,17,21,760
2017-01-24,18,21,760
2017-01-25,17,21,761
2017-01-26,17,22,760
2017-01-27,18,21,761
2017-01-28,18,20,762
2017-01-29,17,20,763
2017-01-30,17,20,763
2017-01-31,17,20,763
2017-02-01,17,20,763
2017-02-02,16,20,764
2017-02-03,16,20,764
2017-02-04,16,20,764
2017-02-05,17,20,764
2017-02-06,17,20,764
2017-02-07,17,20,764
2017-02-08,17,20,764
2017-02-09,17,20,764
2017-02-10,17,20,764
2017-02-11,17,20,764
2017-02-12,17,20,764
2017-02-13,17,20,764
2017-02-14,16,20,765
2017-02-15,15,21,765
2017-02-16,15,21,765
2017-02-17,15,21,765
2017-02-18,14,21,766
2017-02-19,14,22,765
2017-02-20,13,22,766
2017-02-21,13,22,766
2017-02-22,13,22,766
2017-02-23,12,22,767
2017-02-24,12,21,768
2017-02-25,13,21,768
2017-02-26,14,21,768
2017-02-27,14,21,768
2017-02-28,14,21,768
2017-03-01,15,19,770
2017-03-02,15,17,772
2017-03-03,14,17,773
2017-03-04,14,17,773
2017-03-05,14,17,773
2017-03-06,14,17,773
2017-03-07,14,17,773
2017-03-08,13,17,774
2017-03-09,13,17,774
2017-03-10,13,17,774
2017-03-11,14,17,774
2017-03-12,15,17,774
2017-03-13,15,17,774
2017-03-14,15,16,775
2017-03-15,15,17,774
2017-03-16,16,18,773
2017-03-17,16,18,773
2017-03-18,16,18,773
2017-03-19,16,18,773
2017-03-20,15,19,773
2017-03-21,14,20,773
2017-03-22,12,21,774
2017-03-23,12,23,773
2017-03-24,11,23,774
2017-03-25,11,23,774
2017-03-26,11,23,774
2017-03-27,11,24,773
2017-03-28,12,24,773
2017-03-29,13,24,773
2017-03-30,12,25,773
2017-03-31,12,25,773
2017-04-01,12,25,773
2017-04-02,12,25,773
2017-04-03,13,25,773
2017-04-04,13,25,773
2017-04-05,13,25,773
2017-04-06,13,25,773
2017-04-07,13,26,772
2017-04-08,14,26,772
2017-04-09,14,25,773
2017-04-10,14,25,773
2017-04-11,14,25,773
2017-04-12,17,25,773
2017-04-13,17,25,773
2017-04-14,17,26,772
2017-04-15,17,26,772
2017-04-16,16,25,774
2017-04-17,15,24,776
2017-04-18,15,23,777
2017-04-19,15,23,777
2017-04-20,15,22,778
2017-04-21,16,22,778
2017-04-22,15,22,779
2017-04-23,15,22,779
2017-04-24,14,22,780
2017-04-25,15,22,780
2017-04-26,14,24,779
2017-04-27,13,24,780
2017-04-28,14,24,780
2017-04-29,14,24,780
2017-04-30,14,25,779
2017-05-01,14,25,779
2017-05-02,14,25,779
2017-05-03,14,25,779
2017-05-04,15,25,779
2017-05-05,15,26,779
2017-05-06,14,26,780
2017-05-07,14,26,780
2017-05-08,14,27,779
2017-05-09,14,28,778
2017-05-10,15,29,778
2017-05-11,17,29,778
2017-05-12,17,29,778
2017-05-13,16,30,778
2017-05-14,16,30,778
2017-05-15,17,30,778
2017-05-16,19,30,778
2017-05-17,18,31,778
2017-05-18,18,31,778
2017-05-19,18,31,778
2017-05-20,18,30,779
2017-05-21,19,30,779
2017-05-22,19,30,779
2017-05-23,19,30,779
2017-05-24,19,30,779
2017-05-25,20,31,779
2017-05-26,19,31,780
2017-05-27,18,31,781
2017-05-28,19,31,781
2017-05-29,19,32,780
2017-05-30,17,33,781
2017-05-31,17,33,781
2017-06-01,17,33,781
2017-06-02,17,34,781
2017-06-03,17,34,781
2017-06-04,17,34,781
2017-06-05,17,34,781
2017-06-06,17,34,781
2017-06-07,17,35,781
2017-06-08,17,35,781
2017-06-09,16,35,782
2017-06-10,16,35,782
2017-06-11,16,36,781
2017-06-12,17,36,781
2017-06-13,18,37,780
2017-06-14,18,37,782
2017-06-15,18,37,782
2017-06-16,18,37,782
2017-06-17,18,37,782
2017-06-18,17,37,783
2017-06-19,17,37,783
2017-06-20,18,37,783
2017-06-21,18,36,784
2017-06-22,18,36,784
2017-06-23,19,36,784
2017-06-24,19,39,781
2017-06-25,20,39,781
2017-06-26,20,39,781
2017-06-27,20,39,782
2017-06-28,20,41,781
2017-06-29,20,40,782
2017-06-30,21,40,782
2017-07-01,21,40,782
2017-07-02,20,40,783
2017-07-03,20,40,783
2017-07-04,19,40,784
2017-07-05,20,40,784
2017-07-06,20,39,785
2017-07-07,19,38,787
2017-07-08,20,38,787
2017-07-09,19,39,787
2017-07-10,19,39,787
2017-07-11,17,38,790
2017-07-12,18,38,790
2017-07-13,18,37,791
2017-07-14,18,37,791
2017-07-15,18,37,791
2017-07-16,18,37,791
2017-07-17,18,36,792
2017-07-18,18,36,792
2017-07-19,18,36,792
2017-07-20,17,36,793
2017-07-21,18,36,793
2017-07-22,18,36,793
2017-07-23,18,36,793
2017-07-24,19,36,793
2017-07-25,19,34,795
2017-07-26,19,34,795
2017-07-27,18,34,796
2017-07-28,18,34,796
2017-07-29,18,34,796
2017-07-30,18,34,796
2017-07-31,18,34,796
2017-08-01,18,34,796
2017-08-02,19,35,795
2017-08-03,18,34,797
2017-08-04,18,33,798
2017-08-05,18,33,798
2017-08-06,18,34,797
2017-08-07,19,33,798
2017-08-08,18,33,799
2017-08-09,17,32,801
2017-08-10,17,34,801
2017-08-11,18,34,801
2017-08-12,18,34,801
2017-08-13,17,34,802
2017-08-14,16,34,803
2017-08-15,16,33,804
2017-08-16,16,34,803
2017-08-17,16,36,801
2017-08-18,16,36,801
2017-08-19,15,36,802
2017-08-20,15,36,802
2017-08-21,16,36,802
2017-08-22,17,36,802
2017-08-23,18,36,802
2017-08-24,18,36,802
2017-08-25,18,36,802
2017-08-26,17,36,803
2017-08-27,17,36,803
2017-08-28,18,35,804
2017-08-29,18,35,804
2017-08-30,18,35,804
2017-08-31,18,35,804
2017-09-01,18,35,804
2017-09-02,18,35,804
2017-09-03,18,35,804
2017-09-04,18,35,804
2017-09-05,19,34,805
2017-09-06,20,34,805
2017-09-07,20,34,805
2017-09-08,20,35,804
2017-09-09,23,34,805
2017-09-10,23,34,805
2017-09-11,22,33,807
2017-09-12,20,33,809
2017-09-13,20,33,809
2017-09-14,20,33,809
2017-09-15,20,33,809
2017-09-16,21,33,809
2017-09-17,21,32,810
2017-09-18,20,32,811
2017-09-19,20,33,811
2017-09-20,21,33,811
2017-09-21,20,34,811
2017-09-22,20,34,811
2017-09-23,20,33,812
2017-09-24,20,33,812
2017-09-25,20,34,811
2017-09-26,22,33,812
2017-09-27,23,33,812
2017-09-28,22,34,812
2017-09-29,22,34,812
2017-09-30,22,34,812
2017-10-01,22,33,813
2017-10-02,23,32,814
2017-10-03,22,31,816
2017-10-04,23,31,816
2017-10-05,23,31,816
2017-10-06,22,31,817
2017-10-07,23,29,819
2017-10-08,24,29,819
2017-10-09,24,29,819
2017-10-10,24,29,819
2017-10-11,24,29,819
2017-10-12,26,29,819
2017-10-13,27,29,819
2017-10-14,27,29,819
2017-10-15,27,29,819
2017-10-16,26,30,819
2017-10-17,26,30,819
2017-10-18,27,30,819
2017-10-19,27,30,820
2017-10-20,27,30,820
2017-10-21,29,30,820
2017-10-22,29,31,821
2017-10-23,30,31,821
2017-10-24,31,31,821
2017-10-25,31,31,821
2017-10-26,32,31,821
2017-10-27,33,30,822
2017-10-28,33,30,822
2017-10-29,33,30,822
2017-10-30,34,30,822
2017-10-31,32,30,824
2017-11-01,32,31,824
2017-11-02,32,31,824
2017-11-03,32,32,823
2017-11-04,32,32,823
2017-11-05,33,33,822
2017-11-06,33,33,822
2017-11-07,33,34,822
2017-11-08,32,34,823
2017-11-09,31,34,824
2017-11-10,33,34,824
2017-11-11,33,34,824
2017-11-12,33,34,824
2017-11-13,33,34,824
2017-11-14,33,34,824
2017-11-15,33,34,824
2017-11-16,34,34,824
2017-11-17,34,34,824
2017-11-18,34,34,824
2017-11-19,33,34,825
2017-11-20,33,34,825
2017-11-21,33,34,826
2017-11-22,33,33,827
2017-11-23,33,33,827
2017-11-24,33,33,827
2017-11-25,34,33,827
2017-11-26,34,32,829
2017-11-27,36,32,829
2017-11-28,36,32,829
2017-11-29,36,32,829
2017-11-30,36,32,829
2017-12-01,37,32,829
2017-12-02,37,32,829
2017-12-03,37,32,829
2017-12-04,36,32,830
2017-12-05,35,32,831
2017-12-06,35,33,830
2017-12-07,35,32,831
2017-12-08,34,32,833
2017-12-09,34,32,833
2017-12-10,34,32,833
2017-12-11,34,32,833
2017-12-12,34,32,833
2017-12-13,34,31,834
2017-12-14,34,29,836
2017-12-15,33,29,837
2017-12-16,33,30,836
2017-12-17,33,30,836
2017-12-18,32,29,838
2017-12-19,32,29,839
2017-12-20,32,28,840
2017-12-21,32,28,840
2017-12-22,34,27,841
2017-12-23,34,27,841
2017-12-24,34,26,842
2017-12-25,32,26,844
2017-12-26,31,26,845
2017-12-27,31,26,845
2017-12-28,31,26,845
2017-12-29,31,26,845
2017-12-30,31,26,845
2017-12-31,31,26,845
2018-01-01,31,26,845
2018-01-02,30,25,847
2018-01-03,30,24,848
2018-01-04,30,24,848
2018-01-05,30,24,848
2018-01-06,29,24,849
2018-01-07,31,24,849
2018-01-08,32,23,850
2018-01-09,32,23,850
2018-01-10,33,23,852
2018-01-11,32,23,853
2018-01-12,32,23,853
2018-01-13,32,23,853
2018-01-14,33,22,854
2018-01-15,33,22,854
2018-01-16,32,22,855
2018-01-17,31,21,857
2018-01-18,31,21,857
2018-01-19,31,21,859
2018-01-20,31,20,861
2018-01-21,30,20,862
2018-01-22,29,19,864
2018-01-23,28,20,864
2018-01-24,27,20,865
2018-01-25,26,19,867
2018-01-26,26,19,867
2018-01-27,26,19,867
2018-01-28,25,19,868
2018-01-29,26,18,869
2018-01-30,25,17,871
2018-01-31,25,17,871
2018-02-01,26,18,870
2018-02-02,27,18,870
2018-02-03,26,17,872
2018-02-04,26,17,872
2018-02-05,26,17,873
2018-02-06,25,18,873
2018-02-07,25,18,873
2018-02-08,23,18,875
2018-02-09,23,19,875
2018-02-10,23,19,875
2018-02-11,23,20,874
2018-02-12,23,20,874
2018-02-13,23,21,874
2018-02-14,23,22,874
2018-02-15,24,22,874
2018-02-16,24,22,874
2018-02-17,24,22,874
2018-02-18,24,22,874
2018-02-19,23,22,875
2018-02-20,23,23,874
2018-02-21,23,23,874
2018-02-22,24,23,874
2018-02-23,23,24,874
2018-02-24,22,24,875
2018-02-25,20,24,877
2018-02-26,20,24,877
2018-02-27,20,24,877
2018-02-28,20,24,877
2018-03-01,19,24,878
2018-03-02,19,25,877
2018-03-03,19,25,877
2018-03-04,19,25,877
2018-03-05,19,25,877
2018-03-06,19,24,878
2018-03-07,19,24,878
2018-03-08,23,24,879
2018-03-09,23,25,878
2018-03-10,23,25,878
2018-03-11,23,25,878
2018-03-12,23,25,878
2018-03-13,23,25,878
2018-03-14,23,25,878
2018-03-15,24,25,878
2018-03-16,24,25,879
2018-03-17,26,25,879
2018-03-18,25,26,879
2018-03-19,24,26,880
2018-03-20,24,26,880
2018-03-21,24,27,879
2018-03-22,23,27,880
2018-03-23,23,27,880
2018-03-24,23,27,880
2018-03-25,24,27,880
2018-03-26,24,27,880
2018-03-27,25,27,880
2018-03-28,25,26,881
2018-03-29,26,26,881
2018-03-30,27,27,880
2018-03-31,27,27,880
2018-04-01,27,27,880
2018-04-02,28,27,880
2018-04-03,28,27,880
2018-04-04,28,27,880
2018-04-05,29,26,881
2018-04-06,29,26,881
2018-04-07,29,26,882
2018-04-08,28,26,883
2018-04-09,29,27,882
2018-04-10,27,28,885
2018-04-11,27,28,885
2018-04-12,29,28,885
2018-04-13,31,28,885
2018-04-14,30,28,886
2018-04-15,30,28,886
2018-04-16,31,28,886
2018-04-17,31,28,886
2018-04-18,31,28,886
2018-04-19,29,27,889
2018-04-20,30,29,887
2018-04-21,33,29,887
2018-04-22,34,29,887
2018-04-23,34,30,887
2018-04-24,37,31,886
2018-04-25,40,31,886
2018-04-26,41,31,886
2018-04-27,42,31,886
2018-04-28,42,31,886
2018-04-29,41,31,887
2018-04-30,43,31,887
2018-05-01,43,31,887
2018-05-02,42,31,888
2018-05-03,43,32,889
2018-05-04,43,32,889
2018-05-05,43,34,888
2018-05-06,42,34,889
2018-05-07,43,33,890
2018-05-08,43,33,890
2018-05-09,43,33,890
2018-05-10,43,33,891
2018-05-11,44,32,892
2018-05-12,44,31,893
2018-05-13,46,31,893
2018-05-14,47,30,894
2018-05-15,48,30,895
2018-05-16,47,30,896
2018-05-17,48,29,897
2018-05-18,48,29,897
2018-05-19,48,30,896
2018-05-20,48,30,896
2018-05-21,48,29,897
2018-05-22,48,29,897
2018-05-23,48,29,898
2018-05-24,48,28,899
2018-05-25,48,28,899
2018-05-26,48,30,897
2018-05-27,48,30,897
2018-05-28,48,30,897
2018-05-29,49,30,897
2018-05-30,50,30,897
2018-05-31,50,30,897
2018-06-01,51,29,898
2018-06-02,50,30,898
2018-06-03,49,31,898
2018-06-04,49,31,898
2018-06-05,51,31,898
2018-06-06,47,31,902
2018-06-07,48,30,903
2018-06-08,49,30,903
2018-06-09,48,32,903
2018-06-10,48,32,903
2018-06-11,47,33,903
2018-06-12,49,33,903
2018-06-13,50,33,903
2018-06-14,49,34,904
2018-06-15,48,35,904
2018-06-16,47,36,904
2018-06-17,47,36,904
2018-06-18,47,36,904
2018-06-19,48,34,906
2018-06-20,48,34,906
2018-06-21,49,33,907
2018-06-22,49,33,907
2018-06-23,48,34,908
2018-06-24,48,34,908
2018-06-25,47,35,908
2018-06-26,48,35,908
2018-06-27,47,36,909
2018-06-28,46,35,911
2018-06-29,46,35,911
2018-06-30,46,35,911
2018-07-01,45,35,912
2018-07-02,45,35,912
2018-07-03,45,35,912
2018-07-04,45,37,911
2018-07-05,45,37,911
2018-07-06,44,38,911
2018-07-07,44,38,911
2018-07-08,43,38,912
2018-07-09,42,37,914
2018-07-10,42,37,914
2018-07-11,40,37,916
2018-07-12,38,37,918
2018-07-13,38,37,918
2018-07-14,38,37,918
2018-07-15,38,37,919
2018-07-16,38,37,919
2018-07-17,39,37,919
2018-07-18,39,37,919
2018-07-19,38,34,923
2018-07-20,35,34,926
2018-07-21,35,34,926
2018-07-22,34,33,928
2018-07-23,31,33,931
2018-07-24,29,33,933
2018-07-25,28,33,934
2018-07-26,27,32,936
2018-07-27,27,32,937
2018-07-28,28,32,937
2018-07-29,27,32,939
2018-07-30,27,32,939
2018-07-31,28,32,939
2018-08-01,27,31,941
2018-08-02,28,31,941
2018-08-03,30,29,943
2018-08-04,30,29,943
2018-08-05,29,28,945
2018-08-06,29,28,945
2018-08-07,29,28,945
2018-08-08,27,30,945
2018-08-09,27,30,946
2018-08-10,26,31,946
2018-08-11,25,31,948
2018-08-12,25,31,948
2018-08-13,24,31,950
2018-08-14,24,31,950
2018-08-15,23,31,951
2018-08-16,22,32,951
2018-08-17,22,31,952
2018-08-18,22,31,952
2018-08-19,22,31,952
2018-08-20,22,31,952
2018-08-21,21,31,953
2018-08-22,23,31,953
2018-08-23,24,32,952
2018-08-24,25,31,953
2018-08-25,25,31,953
2018-08-26,27,31,953
2018-08-27,26,33,952
2018-08-28,26,33,953
2018-08-29,26,32,954
2018-08-30,27,32,954
2018-08-31,27,30,956
2018-09-01,27,29,957
2018-09-02,27,29,957
2018-09-03,24,30,959
2018-09-04,24,30,959
2018-09-05,23,30,960
2018-09-06,23,30,961
2018-09-07,24,28,963
2018-09-08,22,31,962
2018-09-09,22,31,962
2018-09-10,21,30,964
2018-09-11,20,30,965
2018-09-12,19,29,967
2018-09-13,18,28,969
2018-09-14,18,28,969
2018-09-15,18,28,969
2018-09-16,19,29,969
2018-09-17,20,29,969
2018-09-18,21,29,969
2018-09-19,20,29,970
2018-09-20,19,30,970
2018-09-21,20,29,971
2018-09-22,20,29,971
2018-09-23,20,29,971
2018-09-24,19,29,972
2018-09-25,19,28,973
2018-09-26,19,28,973
2018-09-27,19,28,973
2018-09-28,20,28,973
2018-09-29,22,29,973
2018-09-30,22,29,973
2018-10-01,22,28,974
2018-10-02,24,27,976
2018-10-03,25,27,976
2018-10-04,25,27,976
2018-10-05,25,28,976
2018-10-06,26,28,976
2018-10-07,27,28,976
2018-10-08,28,28,976
2018-10-09,28,28,976
2018-10-10,28,27,977
2018-10-11,29,27,977
2018-10-12,31,27,977
2018-10-13,32,28,977
2018-10-14,32,28,977
2018-10-15,31,28,978
2018-10-16,31,28,978
2018-10-17,31,28,978
2018-10-18,31,29,978
2018-10-19,31,29,978
2018-10-20,31,29,978
2018-10-21,31,29,978
2018-10-22,33,29,978
2018-10-23,33,29,978
2018-10-24,34,29,978
2018-10-25,35,29,979
2018-10-26,34,30,979
2018-10-27,35,30,979
2018-10-28,35,30,979
2018-10-29,34,30,980
2018-10-30,34,29,981
2018-10-31,33,30,981
2018-11-01,31,31,983
2018-11-02,31,30,984
2018-11-03,31,31,983
2018-11-04,31,31,983
2018-11-05,32,32,982
2018-11-06,31,32,983
2018-11-07,31,31,984
2018-11-08,31,30,985
2018-11-09,30,30,986
2018-11-10,30,30,986
2018-11-11,29,30,987
2018-11-12,29,30,987
2018-11-13,29,30,987
2018-11-14,29,30,987
2018-11-15,30,30,987
2018-11-16,30,31,986
2018-11-17,30,31,986
2018-11-18,30,31,986
2018-11-19,29,32,986
2018-11-20,28,32,988
2018-11-21,28,32,988
2018-11-22,27,32,989
2018-11-23,27,32,989
2018-11-24,26,32,991
2018-11-25,26,30,993
2018-11-26,25,31,994
2018-11-27,25,31,994
2018-11-28,26,31,994
2018-11-29,27,31,994
2018-11-30,27,31,994
2018-12-01,27,32,993
2018-12-02,27,32,993
2018-12-03,27,33,992
2018-12-04,27,33,992
2018-12-05,28,33,992
2018-12-06,28,33,992
2018-12-07,28,32,993
2018-12-08,28,32,993
2018-12-09,28,32,993
2018-12-10,28,31,994
2018-12-11,29,31,994
2018-12-12,29,30,995
2018-12-13,29,30,995
2018-12-14,29,28,997
2018-12-15,29,28,997
2018-12-16,29,28,997
2018-12-17,28,28,998
2018-12-18,28,28,998
2018-12-19,29,27,999
2018-12-20,29,27,1000
2018-12-21,28,28,1000
2018-12-22,28,28,1000
2018-12-23,28,28,1000
2018-12-24,29,28,1000
2018-12-25,29,28,1000
2018-12-26,29,28,1000
2018-12-27,29,28,1000
2018-12-28,26,28,1003
2018-12-29,26,27,1004
2018-12-30,26,27,1004
2018-12-31,24,28,1005
2019-01-01,23,28,1006
2019-01-02,23,28,1006
2019-01-03,23,27,1007
2019-01-04,22,27,1008
2019-01-05,21,27,1009
2019-01-06,21,27,1010
2019-01-07,21,28,1009
2019-01-08,23,28,1009
2019-01-09,23,29,1008
2019-01-10,21,29,1010
2019-01-11,19,29,1012
2019-01-12,19,29,1012
2019-01-13,19,29,1012
2019-01-14,19,29,1012
2019-01-15,20,29,1012
2019-01-16,20,29,1014
2019-01-17,20,29,1014
2019-01-18,20,29,1014
2019-01-19,20,29,1014
2019-01-20,18,29,1016
2019-01-21,18,29,1016
2019-01-22,18,29,1016
2019-01-23,17,29,1019
2019-01-24,18,28,1020
2019-01-25,17,28,1021
2019-01-26,17,28,1021
2019-01-27,17,28,1021
2019-01-28,17,28,1021
2019-01-29,18,29,1021
2019-01-30,18,27,1023
2019-01-31,18,26,1024
2019-02-01,18,26,1024
2019-02-02,18,26,1024
2019-02-03,18,25,1025
2019-02-04,19,25,1025
2019-02-05,20,24,1026
2019-02-06,20,24,1026
2019-02-07,20,24,1026
2019-02-08,20,25,1025
2019-02-09,20,25,1025
2019-02-10,20,25,1025
2019-02-11,20,25,1025
2019-02-12,20,25,1025
2019-02-13,19,26,1025
2019-02-14,19,26,1026
2019-02-15,20,26,1026
2019-02-16,20,26,1026
2019-02-17,20,26,1026
2019-02-18,19,26,1027
2019-02-19,19,25,1028
2019-02-20,19,24,1029
2019-02-21,19,24,1029
2019-02-22,19,24,1029
2019-02-23,19,24,1029
2019-02-24,18,25,1030
2019-02-25,19,25,1030
2019-02-26,18,25,1031
2019-02-27,16,27,1031
2019-02-28,16,27,1031
2019-03-01,17,28,1030
2019-03-02,17,28,1030
2019-03-03,19,28,1030
2019-03-04,20,29,1029
2019-03-05,18,30,1030
2019-03-06,18,31,1029
2019-03-07,20,30,1030
2019-03-08,20,30,1030
2019-03-09,20,29,1031
2019-03-10,20,29,1031
2019-03-11,19,29,1032
2019-03-12,19,29,1032
2019-03-13,21,30,1032
2019-03-14,21,30,1032
2019-03-15,23,30,1032
2019-03-16,22,30,1033
2019-03-17,21,31,1033
2019-03-18,21,31,1033
2019-03-19,21,31,1034
2019-03-20,20,32,1034
2019-03-21,21,32,1034
2019-03-22,21,32,1034
2019-03-23,21,32,1034
2019-03-24,19,33,1035
2019-03-25,21,33,1035
2019-03-26,22,33,1035
2019-03-27,22,34,1034
2019-03-28,22,34,1035
2019-03-29,22,32,1037
2019-03-30,22,31,1038
2019-03-31,22,31,1038
2019-04-01,22,31,1038
2019-04-02,23,32,1037
2019-04-03,24,31,1038
2019-04-04,25,30,1039
2019-04-05,25,31,1038
2019-04-06,25,31,1039
2019-04-07,26,31,1039
2019-04-08,25,31,1041
2019-04-09,25,31,1041
2019-04-10,26,31,1041
2019-04-11,26,32,1040
2019-04-12,26,32,1040
2019-04-13,26,33,1039
2019-04-14,27,33,1039
2019-04-15,27,33,1039
2019-04-16,25,32,1042
2019-04-17,25,32,1042
2019-04-18,26,32,1042
2019-04-19,27,32,1042
2019-04-20,28,32,1042
2019-04-21,28,32,1042
2019-04-22,28,32,1042
2019-04-23,29,32,1043
2019-04-24,28,32,1044
2019-04-25,29,32,1044
2019-04-26,28,32,1045
2019-04-27,28,32,1045
2019-04-28,28,33,1045
2019-04-29,27,33,1046
2019-04-30,30,32,1047
2019-05-01,32,31,1048
2019-05-02,32,32,1048
2019-05-03,33,32,1048
2019-05-04,34,32,1048
2019-05-05,33,32,1049
2019-05-06,32,34,1048
2019-05-07,32,34,1048
2019-05-08,32,33,1049
2019-05-09,32,33,1049
2019-05-10,33,34,1048
2019-05-11,33,34,1048
2019-05-12,33,34,1048
2019-05-13,33,34,1048
2019-05-14,33,35,1047
2019-05-15,33,35,1047
2019-05-16,32,35,1048
2019-05-17,32,35,1048
2019-05-18,32,35,1048
2019-05-19,32,35,1048
2019-05-20,31,37,1048
2019-05-21,32,37,1048
2019-05-22,33,37,1048
2019-05-23,33,37,1048
2019-05-24,33,37,1048
2019-05-25,33,36,1049
2019-05-26,33,37,1048
2019-05-27,33,38,1047
2019-05-28,33,36,1049
2019-05-29,33,37,1048
2019-05-30,32,37,1050
2019-05-31,32,37,1050
2019-06-01,30,37,1052
2019-06-02,29,36,1054
2019-06-03,28,36,1055
2019-06-04,28,36,1055
2019-06-05,26,36,1057
2019-06-06,26,36,1057
2019-06-07,27,36,1057
2019-06-08,27,36,1057
2019-06-09,27,36,1057
2019-06-10,27,36,1057
2019-06-11,25,36,1059
2019-06-12,25,36,1059
2019-06-13,25,36,1059
2019-06-14,25,35,1060
2019-06-15,25,36,1060
2019-06-16,26,36,1060
2019-06-17,27,36,1060
2019-06-18,28,36,1060
2019-06-19,29,36,1060
2019-06-20,29,36,1060
2019-06-21,30,36,1060
2019-06-22,30,36,1060
2019-06-23,28,36,1062
2019-06-24,28,36,1063
2019-06-25,27,36,1064
2019-06-26,27,35,1065
2019-06-27,27,35,1065
2019-06-28,27,35,1065
2019-06-29,27,35,1065
2019-06-30,27,35,1065
2019-07-01,26,35,1066
2019-07-02,26,36,1067
2019-07-03,27,36,1068
2019-07-04,27,35,1069
2019-07-05,27,36,1070
2019-07-06,26,37,1070
2019-07-07,25,36,1072
2019-07-08,25,35,1073
2019-07-09,25,35,1074
2019-07-10,25,34,1075
2019-07-11,26,34,1075
2019-07-12,26,34,1076
2019-07-13,25,35,1076
2019-07-14,25,34,1077
2019-07-15,25,35,1077
2019-07-16,24,36,1077
2019-07-17,23,36,1078
2019-07-18,25,36,1078
2019-07-19,24,36,1079
2019-07-20,24,35,1080
2019-07-21,24,35,1080
2019-07-22,24,34,1082
2019-07-23,24,34,1082
2019-07-24,24,34,1083
2019-07-25,23,34,1084
2019-07-26,23,34,1084
2019-07-27,23,34,1084
2019-07-28,23,34,1084
2019-07-29,22,34,1085
2019-07-30,21,34,1087
2019-07-31,20,34,1088
2019-08-01,21,34,1089
2019-08-02,20,34,1090
2019-08-03,20,34,1090
2019-08-04,20,34,1090
2019-08-05,20,34,1090
2019-08-06,20,34,1090
2019-08-07,20,34,1090
2019-08-08,19,32,1093
2019-08-09,20,32,1093
2019-08-10,20,32,1093
2019-08-11,20,31,1094
2019-08-12,20,30,1095
2019-08-13,20,30,1095
2019-08-14,20,30,1095
2019-08-15,20,30,1095
2019-08-16,20,31,1094
2019-08-17,20,31,1094
2019-08-18,20,31,1094
2019-08-19,20,32,1094
2019-08-20,20,31,1095
2019-08-21,20,32,1094
2019-08-22,21,33,1093
2019-08-23,21,33,1093
2019-08-24,21,32,1094
2019-08-25,21,31,1095
2019-08-26,21,32,1095
2019-08-27,21,31,1096
2019-08-28,20,32,1096
2019-08-29,20,32,1096
2019-08-30,21,32,1096
2019-08-31,22,32,1096
2019-09-01,23,32,1096
2019-09-02,21,34,1096
2019-09-03,21,35,1095
2019-09-04,22,35,1095
2019-09-05,21,35,1096
2019-09-06,22,35,1096
2019-09-07,23,35,1096
2019-09-08,23,34,1097
2019-09-09,23,34,1097
2019-09-10,24,34,1097
2019-09-11,24,34,1097
2019-09-12,24,35,1096
2019-09-13,24,34,1097
2019-09-14,23,35,1097
2019-09-15,22,35,1098
2019-09-16,21,35,1099
2019-09-17,20,34,1101
2019-09-18,20,34,1101
2019-09-19,19,34,1102
2019-09-20,19,34,1102
2019-09-21,20,34,1102
2019-09-22,20,34,1102
2019-09-23,20,33,1103
2019-09-24,21,33,1103
2019-09-25,21,33,1103
2019-09-26,21,33,1103
2019-09-27,21,33,1103
2019-09-28,22,33,1103
2019-09-29,22,33,1103
2019-09-30,22,33,1104
2019-10-01,21,33,1105
2019-10-02,21,33,1105
2019-10-03,22,32,1108
2019-10-04,22,31,1109
2019-10-05,24,31,1109
2019-10-06,25,31,1109
2019-10-07,25,31,1110
2019-10-08,26,32,1110
2019-10-09,27,31,1111
2019-10-10,26,32,1111
2019-10-11,27,31,1112
2019-10-12,28,32,1111
2019-10-13,28,31,1112
2019-10-14,28,31,1112
2019-10-15,27,32,1112
2019-10-16,26,32,1114
2019-10-17,25,33,1114
2019-10-18,25,33,1114
2019-10-19,25,33,1114
2019-10-20,24,33,1115
2019-10-21,24,33,1115
2019-10-22,24,33,1116
2019-10-23,26,33,1116
2019-10-24,26,33,1116
2019-10-25,26,33,1116
2019-10-26,26,33,1116
2019-10-27,26,33,1116
2019-10-28,25,34,1116
2019-10-29,25,33,1117
2019-10-30,25,33,1118
2019-10-31,26,33,1118
2019-11-01,26,33,1118
2019-11-02,26,33,1118
2019-11-03,26,33,1118
2019-11-04,27,34,1117
2019-11-05,27,34,1117
2019-11-06,27,34,1117
2019-11-07,26,34,1118
2019-11-08,27,34,1118
2019-11-09,27,34,1118
2019-11-10,27,34,1118
2019-11-11,27,34,1118
2019-11-12,27,34,1118
2019-11-13,29,35,1118
2019-11-14,29,33,1120
2019-11-15,29,33,1120
2019-11-16,29,33,1120
2019-11-17,28,31,1123
2019-11-18,29,32,1122
2019-11-19,30,31,1123
2019-11-20,29,30,1125
2019-11-21,29,30,1125
2019-11-22,29,30,1125
2019-11-23,29,30,1125
2019-11-24,28,30,1127
2019-11-25,28,31,1126
2019-11-26,28,31,1126
2019-11-27,29,31,1126
2019-11-28,28,31,1127
2019-11-29,28,31,1127
2019-11-30,28,31,1127
2019-12-01,28,29,1129
2019-12-02,28,28,1130
2019-12-03,27,28,1131
2019-12-04,28,29,1130
2019-12-05,27,29,1131
2019-12-06,26,29,1132
2019-12-07,26,30,1132
2019-12-08,26,30,1132
2019-12-09,26,30,1133
2019-12-10,26,30,1133
2019-12-11,26,30,1133
2019-12-12,26,30,1133
2019-12-13,26,29,1134
2019-12-14,26,28,1135
2019-12-15,27,28,1135
2019-12-16,27,28,1135
2019-12-17,27,28,1135
2019-12-18,26,29,1135
2019-12-19,26,29,1135
2019-12-20,28,29,1135
2019-12-21,28,29,1135
2019-12-22,28,29,1135
2019-12-23,28,29,1136
2019-12-24,28,30,1136
2019-12-25,28,29,1137
2019-12-26,28,29,1137
2019-12-27,26,30,1138
2019-12-28,26,30,1138
2019-12-29,26,30,1138
2019-12-30,26,30,1138
2019-12-31,26,30,1138
2020-01-01,25,29,1140
2020-01-02,25,29,1140
2020-01-03,24,29,1141
2020-01-04,23,29,1142
2020-01-05,22,29,1143
2020-01-06,23,29,1145
2020-01-07,22,29,1146
2020-01-08,22,29,1146
2020-01-09,22,29,1147
2020-01-10,22,28,1149
2020-01-11,22,28,1149
2020-01-12,22,28,1149
2020-01-13,22,27,1150
2020-01-14,22,27,1151
2020-01-15,22,26,1152
2020-01-16,22,26,1152
2020-01-17,22,26,1152
2020-01-18,22,26,1152
2020-01-19,23,26,1152
2020-01-20,24,26,1153
2020-01-21,22,25,1156
2020-01-22,25,25,1156
2020-01-23,26,26,1156
2020-01-24,27,26,1156
2020-01-25,28,26,1156
2020-01-26,27,26,1157
2020-01-27,27,26,1157
2020-01-28,27,27,1158
2020-01-29,26,27,1159
2020-01-30,26,27,1159
2020-01-31,25,28,1159
2020-02-01,25,28,1159
2020-02-02,24,27,1161
2020-02-03,24,26,1162
2020-02-04,25,25,1163
2020-02-05,26,25,1163
2020-02-06,25,26,1164
2020-02-07,24,27,1164
2020-02-08,24,27,1164
2020-02-09,24,27,1164
2020-02-10,25,28,1163
2020-02-11,24,27,1166
2020-02-12,24,28,1165
2020-02-13,25,27,1166
2020-02-14,27,27,1166
2020-02-15,27,27,1166
2020-02-16,27,26,1168
2020-02-17,28,26,1168
2020-02-18,28,25,1169
2020-02-19,28,26,1168
2020-02-20,28,26,1168
2020-02-21,28,26,1168
2020-02-22,28,26,1168
2020-02-23,29,26,1168
2020-02-24,29,25,1169
2020-02-25,29,26,1169
2020-02-26,30,26,1169
2020-02-27,31,26,1169
2020-02-28,31,26,1169
2020-02-29,32,26,1169
2020-03-01,32,26,1169
2020-03-02,31,27,1169
2020-03-03,33,27,1170
2020-03-04,33,28,1169
2020-03-05,33,28,1169
2020-03-06,34,28,1169
2020-03-07,34,28,1169
2020-03-08,33,28,1170
2020-03-09,34,28,1170
2020-03-10,34,28,1170
2020-03-11,34,28,1170
2020-03-12,35,28,1170
2020-03-13,35,28,1170
2020-03-14,34,28,1171
2020-03-15,34,29,1170
2020-03-16,35,29,1170
2020-03-17,35,29,1170
2020-03-18,35,29,1170
2020-03-19,33,30,1171
2020-03-20,33,30,1171
2020-03-21,34,30,1171
2020-03-22,34,30,1171
2020-03-23,35,30,1172
2020-03-24,35,30,1172
2020-03-25,34,31,1172
2020-03-26,35,31,1172
2020-03-27,35,31,1172
2020-03-28,36,30,1173
2020-03-29,36,30,1173
2020-03-30,36,29,1174
2020-03-31,36,29,1174
2020-04-01,36,29,1174
2020-04-02,36,28,1175
2020-04-03,37,29,1174
2020-04-04,37,29,1174
2020-04-05,34,29,1177
2020-04-06,34,29,1177
2020-04-07,35,29,1177
2020-04-08,34,29,1178
2020-04-09,33,29,1179
2020-04-10,33,29,1179
2020-04-11,33,28,1180
2020-04-12,33,28,1180
2020-04-13,32,28,1181
2020-04-14,32,28,1181
2020-04-15,32,28,1181
2020-04-16,33,28,1181
2020-04-17,32,29,1181
2020-04-18,32,29,1181
2020-04-19,31,28,1184
2020-04-20,30,30,1183
2020-04-21,28,32,1184
2020-04-22,27,31,1186
2020-04-23,27,31,1187
2020-04-24,27,31,1187
2020-04-25,27,30,1188
2020-04-26,27,30,1188
2020-04-27,26,29,1190
2020-04-28,26,29,1190
2020-04-29,26,29,1190
2020-04-30,26,30,1189
2020-05-01,26,30,1189
2020-05-02,28,31,1189
2020-05-03,30,31,1189
2020-05-04,29,30,1191
2020-05-05,28,30,1192
2020-05-06,28,29,1193
2020-05-07,28,30,1192
2020-05-08,28,30,1192
2020-05-09,29,29,1193
2020-05-10,28,28,1195
2020-05-11,28,28,1195
2020-05-12,29,27,1196
2020-05-13,29,27,1196
2020-05-14,27,28,1197
2020-05-15,27,28,1197
2020-05-16,25,29,1198
2020-05-17,24,29,1199
2020-05-18,25,32,1196
2020-05-19,25,31,1197
2020-05-20,25,31,1197
2020-05-21,25,31,1197
2020-05-22,26,31,1197
2020-05-23,26,31,1197
2020-05-24,26,31,1197
2020-05-25,25,31,1198
2020-05-26,25,31,1198
2020-05-27,24,31,1199
2020-05-28,24,32,1198
2020-05-29,23,33,1198
2020-05-30,23,33,1198
2020-05-31,23,32,1199
2020-06-01,20,31,1203
2020-06-02,21,30,1204
2020-06-03,21,30,1204
2020-06-04,20,30,1205
2020-06-05,20,31,1204
2020-06-06,20,33,1202
2020-06-07,19,34,1203
2020-06-08,20,35,1202
2020-06-09,20,36,1201
2020-06-10,19,36,1202
2020-06-11,20,36,1202
2020-06-12,20,36,1202
2020-06-13,21,36,1202
2020-06-14,20,35,1204
2020-06-15,22,36,1203
2020-06-16,23,36,1203
2020-06-17,23,35,1204
2020-06-18,23,35,1204
2020-06-19,22,37,1203
2020-06-20,22,37,1203
2020-06-21,19,38,1205
2020-06-22,19,38,1205
2020-06-23,19,37,1206
2020-06-24,18,36,1208
2020-06-25,18,37,1207
2020-06-26,17,39,1208
2020-06-27,17,39,1208
2020-06-28,17,39,1208
2020-06-29,17,39,1208
2020-06-30,17,40,1207
2020-07-01,17,40,1207
2020-07-02,16,40,1208
2020-07-03,16,40,1208
2020-07-04,16,40,1208
2020-07-05,17,40,1208
2020-07-06,16,40,1209
2020-07-07,18,40,1209
2020-07-08,18,40,1209
2020-07-09,18,40,1209
2020-07-10,18,40,1209
2020-07-11,18,40,1209
2020-07-12,18,40,1209
2020-07-13,19,40,1209
2020-07-14,19,40,1209
2020-07-15,20,40,1209
2020-07-16,19,40,1210
2020-07-17,20,40,1210
2020-07-18,20,41,1209
2020-07-19,20,41,1209
2020-07-20,19,41,1210
2020-07-21,19,41,1210
2020-07-22,18,41,1211
2020-07-23,18,41,1211
2020-07-24,19,41,1211
2020-07-25,19,41,1211
2020-07-26,19,41,1211
2020-07-27,19,41,1211
2020-07-28,20,41,1211
2020-07-29,20,40,1212
2020-07-30,20,40,1212
2020-07-31,19,40,1213
2020-08-01,17,40,1215
2020-08-02,17,38,1217
2020-08-03,17,38,1217
2020-08-04,18,38,1217
2020-08-05,18,37,1218
2020-08-06,18,37,1218
2020-08-07,17,37,1219
2020-08-08,17,37,1219
2020-08-09,17,37,1219
2020-08-10,17,36,1221
2020-08-11,17,37,1220
2020-08-12,17,36,1221
2020-08-13,18,36,1221
2020-08-14,18,35,1222
2020-08-15,18,35,1222
2020-08-16,18,33,1224
2020-08-17,18,34,1223
2020-08-18,19,35,1222
2020-08-19,19,35,1222
2020-08-20,18,35,1223
2020-08-21,18,35,1223
2020-08-22,18,35,1223
2020-08-23,18,35,1223
2020-08-24,18,35,1223
2020-08-25,18,35,1223
2020-08-26,18,35,1223
2020-08-27,18,35,1223
2020-08-28,18,35,1223
2020-08-29,18,35,1223
2020-08-30,18,35,1223
2020-08-31,18,35,1224
2020-09-01,18,35,1224
2020-09-02,18,35,1224
2020-09-03,18,34,1225
2020-09-04,20,32,1227
2020-09-05,20,32,1227
2020-09-06,20,31,1229
2020-09-07,21,30,1230
2020-09-08,21,30,1230
2020-09-09,20,29,1232
2020-09-10,20,29,1232
2020-09-11,19,29,1233
2020-09-12,20,29,1233
2020-09-13,18,30,1235
2020-09-14,17,30,1236
2020-09-15,18,29,1237
2020-09-16,19,29,1237
2020-09-17,18,29,1238
2020-09-18,19,29,1238
2020-09-19,19,28,1239
2020-09-20,19,28,1239
2020-09-21,19,28,1239
2020-09-22,20,28,1239
2020-09-23,20,26,1241
2020-09-24,19,25,1243
2020-09-25,19,26,1242
2020-09-26,20,25,1243
2020-09-27,20,25,1243
2020-09-28,20,24,1244
2020-09-29,21,24,1244
2020-09-30,20,25,1244
2020-10-01,20,25,1244
2020-10-02,20,25,1244
2020-10-03,21,24,1246
2020-10-04,21,24,1246
2020-10-05,21,24,1248
2020-10-06,20,26,1248
2020-10-07,20,26,1248
2020-10-08,20,27,1247
2020-10-09,21,28,1246
2020-10-10,21,28,1246
2020-10-11,20,28,1247
2020-10-12,20,28,1247
2020-10-13,22,28,1247
2020-10-14,22,29,1247
2020-10-15,21,29,1248
2020-10-16,21,31,1247
2020-10-17,21,31,1247
2020-10-18,22,31,1247
2020-10-19,23,32,1246
2020-10-20,23,33,1245
2020-10-21,24,34,1244
2020-10-22,23,35,1244
2020-10-23,23,35,1244
2020-10-24,23,35,1244
2020-10-25,23,35,1244
2020-10-26,21,36,1245
2020-10-27,22,37,1244
2020-10-28,22,37,1244
2020-10-29,23,37,1244
2020-10-30,23,37,1244
2020-10-31,23,37,1244
2020-11-01,23,37,1244
2020-11-02,22,37,1245
2020-11-03,22,37,1245
2020-11-04,22,37,1245
2020-11-05,22,37,1245
2020-11-06,22,37,1245
2020-11-07,23,37,1245
2020-11-08,22,37,1246
2020-11-09,23,36,1247
2020-11-10,22,37,1247
2020-11-11,21,37,1248
2020-11-12,21,37,1248
2020-11-13,21,37,1248
2020-11-14,21,37,1248
2020-11-15,21,36,1249
2020-11-16,22,36,1249
2020-11-17,24,36,1249
2020-11-18,26,36,1249
2020-11-19,26,36,1249
2020-11-20,26,36,1249
2020-11-21,26,36,1249
2020-11-22,26,35,1250
2020-11-23,26,35,1250
2020-11-24,26,34,1251
2020-11-25,27,34,1251
2020-11-26,27,34,1251
2020-11-27,27,35,1250
2020-11-28,27,35,1250
2020-11-29,26,35,1251
2020-11-30,25,36,1251
2020-12-01,25,36,1251
2020-12-02,25,36,1251
2020-12-03,23,36,1253
2020-12-04,23,37,1253
2020-12-05,22,37,1254
2020-12-06,22,36,1255
2020-12-07,22,36,1255
2020-12-08,22,36,1255
2020-12-09,22,36,1255
2020-12-10,22,37,1254
2020-12-11,21,37,1255
2020-12-12,21,35,1257
2020-12-13,21,35,1257
2020-12-14,20,35,1258
2020-12-15,22,35,1259
2020-12-16,22,35,1259
2020-12-17,22,35,1260
2020-12-18,22,35,1260
2020-12-19,23,35,1260
2020-12-20,23,35,1260
2020-12-21,23,36,1260
2020-12-22,23,36,1260
2020-12-23,23,35,1261
2020-12-24,23,34,1262
2020-12-25,22,35,1262
2020-12-26,22,35,1262
2020-12-27,22,35,1262
2020-12-28,22,36,1261
2020-12-29,22,35,1262
2020-12-30,22,36,1261
2020-12-31,22,36,1261
2021-01-01,20,36,1263
2021-01-02,20,37,1262
2021-01-03,20,37,1262
2021-01-04,19,36,1264
2021-01-05,19,36,1264
2021-01-06,19,35,1265
2021-01-07,20,33,1267
2021-01-08,21,33,1267
2021-01-09,20,34,1267
2021-01-10,20,34,1267
2021-01-11,19,34,1268
2021-01-12,18,36,1268
2021-01-13,18,37,1267
2021-01-14,17,35,1270
2021-01-15,18,35,1270
2021-01-16,18,35,1271
2021-01-17,18,35,1272
2021-01-18,18,34,1273
2021-01-19,18,32,1275
2021-01-20,20,31,1276
2021-01-21,21,30,1277
2021-01-22,22,30,1277
2021-01-23,22,31,1276
2021-01-24,23,29,1278
2021-01-25,22,28,1280
2021-01-26,21,29,1280
2021-01-27,20,30,1280
2021-01-28,20,30,1280
2021-01-29,20,30,1280
2021-01-30,20,30,1280
2021-01-31,20,30,1280
2021-02-01,20,30,1280
2021-02-02,20,30,1280
2021-02-03,21,30,1280
2021-02-04,21,30,1280
2021-02-05,20,30,1281
2021-02-06,20,30,1281
2021-02-07,19,31,1281
2021-02-08,19,30,1282
2021-02-09,21,31,1281
2021-02-10,21,31,1281
2021-02-11,21,32,1280
2021-02-12,23,31,1281
2021-02-13,23,31,1281
2021-02-14,23,31,1281
2021-02-15,22,31,1283
2021-02-16,20,31,1285
2021-02-17,20,31,1285
2021-02-18,20,31,1285
2021-02-19,19,33,1284
2021-02-20,19,33,1284
2021-02-21,20,33,1284
2021-02-22,20,33,1284
2021-02-23,19,33,1285
2021-02-24,19,33,1285
2021-02-25,19,32,1286
2021-02-26,21,32,1286
2021-02-27,22,32,1286
2021-02-28,22,32,1286
2021-03-01,22,32,1286
2021-03-02,22,33,1286
2021-03-03,22,33,1286
2021-03-04,23,33,1286
2021-03-05,24,32,1287
2021-03-06,23,33,1287
2021-03-07,23,34,1286
2021-03-08,23,36,1285
2021-03-09,23,37,1285
2021-03-10,23,36,1286
2021-03-11,23,36,1286
2021-03-12,24,35,1287
2021-03-13,24,35,1287
2021-03-14,24,35,1287
2021-03-15,23,35,1289
2021-03-16,23,36,1289
2021-03-17,22,37,1289
2021-03-18,22,36,1290
2021-03-19,21,36,1291
2021-03-20,21,36,1291
2021-03-21,20,35,1293
2021-03-22,20,35,1293
2021-03-23,20,35,1293
2021-03-24,20,36,1292
2021-03-25,21,36,1292
2021-03-26,21,37,1291
2021-03-27,21,37,1291
2021-03-28,21,37,1291
2021-03-29,21,37,1291
2021-03-30,21,36,1292
2021-03-31,21,36,1292
2021-04-01,21,37,1292
2021-04-02,21,39,1290
2021-04-03,21,39,1290
2021-04-04,21,38,1291
2021-04-05,21,38,1291
2021-04-06,22,38,1291
2021-04-07,21,38,1292
2021-04-08,21,38,1292
2021-04-09,21,37,1293
2021-04-10,21,37,1293
2021-04-11,21,37,1293
2021-04-12,21,36,1294
2021-04-13,21,35,1295
2021-04-14,21,35,1295
2021-04-15,20,35,1296
2021-04-16,20,35,1297
2021-04-17,19,35,1298
2021-04-18,19,35,1298
2021-04-19,21,34,1299
2021-04-20,20,34,1300
2021-04-21,19,34,1301
2021-04-22,18,34,1302
2021-04-23,18,33,1303
2021-04-24,17,33,1304
2021-04-25,17,33,1304
2021-04-26,17,33,1304
2021-04-27,18,32,1305
2021-04-28,19,32,1305
2021-04-29,19,32,1305
2021-04-30,19,32,1305
2021-05-01,18,33,1305
2021-05-02,18,33,1305
2021-05-03,19,34,1304
2021-05-04,19,34,1305
2021-05-05,19,33,1306
2021-05-06,19,33,1306
2021-05-07,19,33,1306
2021-05-08,19,32,1307
2021-05-09,19,32,1307
2021-05-10,17,32,1309
2021-05-11,17,32,1309
2021-05-12,17,31,1310
2021-05-13,16,31,1311
2021-05-14,16,31,1311
2021-05-15,16,31,1311
2021-05-16,15,31,1312
2021-05-17,15,31,1312
2021-05-18,15,31,1312
2021-05-19,15,31,1312
2021-05-20,15,29,1314
2021-05-21,14,30,1314
2021-05-22,13,30,1315
2021-05-23,13,30,1315
2021-05-24,14,30,1315
2021-05-25,14,31,1314
2021-05-26,14,31,1314
2021-05-27,15,30,1315
2021-05-28,15,30,1316
2021-05-29,15,30,1316
2021-05-30,16,30,1316
2021-05-31,15,30,1317
2021-06-01,15,30,1317
2021-06-02,16,30,1317
2021-06-03,16,30,1317
2021-06-04,16,30,1317
2021-06-05,16,28,1319
2021-06-06,15,27,1321
2021-06-07,15,26,1322
2021-06-08,15,26,1322
2021-06-09,15,26,1322
2021-06-10,15,26,1323
2021-06-11,15,26,1323
2021-06-12,15,26,1323
2021-06-13,15,26,1323
2021-06-14,14,25,1325
2021-06-15,14,25,1325
2021-06-16,14,25,1325
2021-06-17,15,25,1325
2021-06-18,16,25,1325
2021-06-19,16,25,1325
2021-06-20,16,25,1325
2021-06-21,17,25,1325
2021-06-22,18,25,1325
2021-06-23,18,25,1326
2021-06-24,18,25,1326
2021-06-25,18,26,1325
2021-06-26,18,26,1325
2021-06-27,18,26,1325
2021-06-28,19,26,1325
2021-06-29,19,26,1325
2021-06-30,19,25,1326
2021-07-01,19,24,1327
2021-07-02,19,24,1327
2021-07-03,19,24,1327
2021-07-04,18,24,1328
2021-07-05,17,24,1329
2021-07-06,18,24,1329
2021-07-07,17,26,1329
2021-07-08,17,26,1329
2021-07-09,17,26,1329
2021-07-10,19,26,1329
2021-07-11,19,26,1329
2021-07-12,19,26,1329
2021-07-13,20,26,1329
2021-07-14,22,25,1330
2021-07-15,22,25,1330
2021-07-16,22,26,1330
2021-07-17,23,26,1330
2021-07-18,21,26,1332
2021-07-19,21,26,1332
2021-07-20,21,26,1332
2021-07-21,21,26,1332
2021-07-22,22,27,1331
2021-07-23,23,27,1331
2021-07-24,23,27,1331
2021-07-25,22,27,1332
2021-07-26,21,27,1333
2021-07-27,20,28,1333
2021-07-28,21,28,1333
2021-07-29,21,28,1333
2021-07-30,21,28,1333
2021-07-31,21,28,1333
2021-08-01,20,28,1334
2021-08-02,19,28,1335
2021-08-03,20,28,1335
2021-08-04,21,28,1335
2021-08-05,21,28,1335
2021-08-06,23,28,1335
2021-08-07,23,28,1335
2021-08-08,23,27,1336
2021-08-09,23,27,1336
2021-08-10,24,27,1336
2021-08-11,24,27,1336
2021-08-12,24,26,1337
2021-08-13,25,27,1336
2021-08-14,25,27,1336
2021-08-15,25,28,1335
2021-08-16,25,28,1335
2021-08-17,26,27,1336
2021-08-18,26,27,1336
2021-08-19,26,26,1337
2021-08-20,27,26,1337
2021-08-21,27,26,1337
2021-08-22,26,26,1338
2021-08-23,26,26,1338
2021-08-24,27,25,1339
2021-08-25,27,25,1340
2021-08-26,26,25,1341
2021-08-27,26,25,1341
2021-08-28,26,24,1342
2021-08-29,27,24,1342
2021-08-30,27,24,1342
2021-08-31,27,24,1343
2021-09-01,28,24,1343
2021-09-02,28,23,1344
2021-09-03,28,24,1343
2021-09-04,28,24,1343
2021-09-05,28,24,1343
2021-09-06,29,24,1343
2021-09-07,29,24,1343
